FLIGHT_DATE,AIRLINE,AVAILABILITY,NIGHT_AVAILABILITY
2015-01-01,AA,441657,196505
2015-01-01,AS,106470,50009
2015-01-01,B6,152567,67596
2015-01-01,DL,570457,241235
2015-01-01,EV,346044,149179
2015-01-01,F9,41262,20398
2015-01-01,HA,35867,16702
2015-01-01,MQ,175093,75847
2015-01-01,NK,48650,22281
2015-01-01,OO,299067,135683
2015-01-01,UA,430741,184167
2015-01-01,US,286488,120883
2015-01-01,VX,46341,20607
2015-01-01,WN,539254,272308
2015-01-02,AA,402371,194893
2015-01-02,AS,97865,49933
2015-01-02,B6,150260,71009
2015-01-02,DL,515371,245624
2015-01-02,EV,314902,156048
2015-01-02,F9,38431,20879
2015-01-02,HA,32435,16175
2015-01-02,MQ,166838,82217
2015-01-02,NK,46028,22720
2015-01-02,OO,281188,140432
2015-01-02,UA,395836,183931
2015-01-02,US,261122,123687
2015-01-02,VX,36997,20706
2015-01-02,WN,464866,272668
2015-01-03,AA,410907,192722
2015-01-03,AS,98671,48830
2015-01-03,B6,159427,65364
2015-01-03,DL,515016,239819
2015-01-03,EV,316241,152726
2015-01-03,F9,39758,17214
2015-01-03,HA,32431,16588
2015-01-03,MQ,160866,76889
2015-01-03,NK,44749,21018
2015-01-03,OO,288808,140534
2015-01-03,UA,392133,176921
2015-01-03,US,269361,119070
2015-01-03,VX,41719,21076
2015-01-03,WN,479987,266533
2015-01-04,AA,407474,192814
2015-01-04,AS,98054,49696
2015-01-04,B6,148186,64893
2015-01-04,DL,504588,241034
2015-01-04,EV,320673,152983
2015-01-04,F9,39421,18586
2015-01-04,HA,35911,17126
2015-01-04,MQ,168945,79798
2015-01-04,NK,42583,19781
2015-01-04,OO,279842,137918
2015-01-04,UA,402353,175671
2015-01-04,US,251863,119473
2015-01-04,VX,40111,20328
2015-01-04,WN,466252,259894
2015-01-05,AA,400797,193356
2015-01-05,AS,99588,50429
2015-01-05,B6,148612,71250
2015-01-05,DL,519413,255074
2015-01-05,EV,324631,156616
2015-01-05,F9,33727,18459
2015-01-05,HA,35550,16304
2015-01-05,MQ,171532,82916
2015-01-05,NK,44947,20090
2015-01-05,OO,275591,137718
2015-01-05,UA,389666,186259
2015-01-05,US,262713,131123
2015-01-05,VX,37626,21655
2015-01-05,WN,466232,267739
2015-01-06,AA,420234,197899
2015-01-06,AS,101855,50366
2015-01-06,B6,145837,69907
2015-01-06,DL,520953,247196
2015-01-06,EV,331355,154878
2015-01-06,F9,40857,22092
2015-01-06,HA,33581,16519
2015-01-06,MQ,175839,81514
2015-01-06,NK,43976,21373
2015-01-06,OO,290540,137345
2015-01-06,UA,429642,208681
2015-01-06,US,281955,131246
2015-01-06,VX,43047,22787
2015-01-06,WN,468040,263825
2015-01-07,AA,406269,195254
2015-01-07,AS,100488,49757
2015-01-07,B6,149404,70756
2015-01-07,DL,531040,252404
2015-01-07,EV,322612,154450
2015-01-07,F9,39058,21124
2015-01-07,HA,30543,15209
2015-01-07,MQ,164704,80739
2015-01-07,NK,44898,22243
2015-01-07,OO,286278,137322
2015-01-07,UA,428206,200818
2015-01-07,US,257837,126988
2015-01-07,VX,42353,20857
2015-01-07,WN,469773,270887
2015-01-08,AA,400722,188737
2015-01-08,AS,102779,49865
2015-01-08,B6,144206,67914
2015-01-08,DL,529033,251578
2015-01-08,EV,322721,150606
2015-01-08,F9,40234,19552
2015-01-08,HA,33735,16570
2015-01-08,MQ,175907,81200
2015-01-08,NK,44565,21187
2015-01-08,OO,288069,136633
2015-01-08,UA,426357,199368
2015-01-08,US,254776,125476
2015-01-08,VX,39116,20727
2015-01-08,WN,494156,270157
2015-01-09,AA,411651,200201
2015-01-09,AS,100652,50660
2015-01-09,B6,153402,69532
2015-01-09,DL,521472,252823
2015-01-09,EV,315691,154593
2015-01-09,F9,36298,19236
2015-01-09,HA,34193,16765
2015-01-09,MQ,174396,81855
2015-01-09,NK,45862,22833
2015-01-09,OO,278903,136412
2015-01-09,UA,422189,201517
2015-01-09,US,256814,125945
2015-01-09,VX,39874,21544
2015-01-09,WN,473845,278613
2015-01-10,AA,438732,199924
2015-01-10,AS,105004,51848
2015-01-10,B6,159022,72958
2015-01-10,DL,537331,238161
2015-01-10,EV,352001,147643
2015-01-10,F9,41482,19406
2015-01-10,HA,34583,16611
2015-01-10,MQ,175005,77375
2015-01-10,NK,46856,23356
2015-01-10,OO,297458,134180
2015-01-10,UA,422101,183875
2015-01-10,US,271136,126752
2015-01-10,VX,45425,23146
2015-01-10,WN,531582,283105
2015-01-11,AA,419456,197443
2015-01-11,AS,106180,52409
2015-01-11,B6,153217,69488
2015-01-11,DL,521821,245733
2015-01-11,EV,342403,155510
2015-01-11,F9,38739,19585
2015-01-11,HA,33229,16161
2015-01-11,MQ,166083,77306
2015-01-11,NK,47328,22689
2015-01-11,OO,289788,138009
2015-01-11,UA,424538,194968
2015-01-11,US,261078,122953
2015-01-11,VX,43427,20061
2015-01-11,WN,521786,266048
2015-01-12,AA,409391,198870
2015-01-12,AS,103021,52574
2015-01-12,B6,148350,72255
2015-01-12,DL,516312,248754
2015-01-12,EV,321134,151615
2015-01-12,F9,37906,20514
2015-01-12,HA,33391,16327
2015-01-12,MQ,160545,79520
2015-01-12,NK,46080,21817
2015-01-12,OO,282533,137736
2015-01-12,UA,417401,203167
2015-01-12,US,257881,127524
2015-01-12,VX,38288,21982
2015-01-12,WN,471930,268190
2015-01-13,AA,414687,200001
2015-01-13,AS,106602,53147
2015-01-13,B6,150630,75855
2015-01-13,DL,536444,257770
2015-01-13,EV,325644,155250
2015-01-13,F9,36970,20410
2015-01-13,HA,34590,16533
2015-01-13,MQ,168076,82157
2015-01-13,NK,46698,23644
2015-01-13,OO,286192,136947
2015-01-13,UA,428997,204591
2015-01-13,US,265901,125738
2015-01-13,VX,41614,22029
2015-01-13,WN,473189,273380
2015-01-14,AA,418304,197210
2015-01-14,AS,103738,50833
2015-01-14,B6,147538,73409
2015-01-14,DL,528244,252130
2015-01-14,EV,322380,152377
2015-01-14,F9,40199,20855
2015-01-14,HA,32411,15949
2015-01-14,MQ,168605,82620
2015-01-14,NK,47846,22942
2015-01-14,OO,287966,138574
2015-01-14,UA,424171,200364
2015-01-14,US,252286,124283
2015-01-14,VX,41570,20563
2015-01-14,WN,480402,274216
2015-01-15,AA,420092,201426
2015-01-15,AS,103827,51400
2015-01-15,B6,154210,72544
2015-01-15,DL,517071,254317
2015-01-15,EV,314945,152677
2015-01-15,F9,39632,20336
2015-01-15,HA,32648,16172
2015-01-15,MQ,167708,80862
2015-01-15,NK,45564,22246
2015-01-15,OO,292428,141502
2015-01-15,UA,416418,202911
2015-01-15,US,251413,125256
2015-01-15,VX,39836,20791
2015-01-15,WN,467698,270807
2015-01-16,AA,406842,196557
2015-01-16,AS,95369,49454
2015-01-16,B6,145346,70586
2015-01-16,DL,514577,254590
2015-01-16,EV,324182,158552
2015-01-16,F9,37981,19764
2015-01-16,HA,32876,16258
2015-01-16,MQ,162417,81833
2015-01-16,NK,45167,22837
2015-01-16,OO,297029,144659
2015-01-16,UA,417160,201895
2015-01-16,US,253341,126008
2015-01-16,VX,37285,20444
2015-01-16,WN,471278,279306
2015-01-17,AA,440120,201274
2015-01-17,AS,101160,50258
2015-01-17,B6,160514,74585
2015-01-17,DL,561379,244936
2015-01-17,EV,349793,145084
2015-01-17,F9,39313,17952
2015-01-17,HA,34450,16987
2015-01-17,MQ,161935,73507
2015-01-17,NK,48648,23669
2015-01-17,OO,309644,137533
2015-01-17,UA,400747,176954
2015-01-17,US,273623,128274
2015-01-17,VX,45672,23131
2015-01-17,WN,531026,282535
2015-01-18,AA,422887,197936
2015-01-18,AS,101289,50509
2015-01-18,B6,154764,70172
2015-01-18,DL,562055,246351
2015-01-18,EV,342955,148386
2015-01-18,F9,38321,17814
2015-01-18,HA,34427,16473
2015-01-18,MQ,168140,78981
2015-01-18,NK,46038,22642
2015-01-18,OO,310917,140910
2015-01-18,UA,427636,192660
2015-01-18,US,263206,122886
2015-01-18,VX,43055,19856
2015-01-18,WN,532004,271775
2015-01-19,AA,421444,201980
2015-01-19,AS,100048,51674
2015-01-19,B6,149234,71099
2015-01-19,DL,512957,252071
2015-01-19,EV,322446,153829
2015-01-19,F9,34107,19077
2015-01-19,HA,36939,17261
2015-01-19,MQ,160917,79839
2015-01-19,NK,46871,23002
2015-01-19,OO,287486,139843
2015-01-19,UA,420807,199441
2015-01-19,US,266684,129645
2015-01-19,VX,38413,21992
2015-01-19,WN,468593,270329
2015-01-20,AA,421975,200210
2015-01-20,AS,102683,51959
2015-01-20,B6,153312,76862
2015-01-20,DL,529215,251621
2015-01-20,EV,324323,153398
2015-01-20,F9,37614,20136
2015-01-20,HA,34142,16597
2015-01-20,MQ,161573,78873
2015-01-20,NK,46751,22626
2015-01-20,OO,291491,138746
2015-01-20,UA,434470,205620
2015-01-20,US,269307,126463
2015-01-20,VX,43256,22413
2015-01-20,WN,475614,272677
2015-01-21,AA,420304,199757
2015-01-21,AS,101265,50156
2015-01-21,B6,149233,74472
2015-01-21,DL,515392,249342
2015-01-21,EV,317718,153238
2015-01-21,F9,37757,20706
2015-01-21,HA,32524,15997
2015-01-21,MQ,166706,82665
2015-01-21,NK,46247,23314
2015-01-21,OO,296015,141937
2015-01-21,UA,426105,203179
2015-01-21,US,255691,124999
2015-01-21,VX,43047,21477
2015-01-21,WN,464751,270787
2015-01-22,AA,415990,200362
2015-01-22,AS,100828,50890
2015-01-22,B6,150832,71101
2015-01-22,DL,529508,257170
2015-01-22,EV,319410,152796
2015-01-22,F9,40719,20702
2015-01-22,HA,31071,15579
2015-01-22,MQ,166637,82019
2015-01-22,NK,46088,22998
2015-01-22,OO,292206,141755
2015-01-22,UA,434935,209802
2015-01-22,US,259805,127675
2015-01-22,VX,39858,20930
2015-01-22,WN,470568,272219
2015-01-23,AA,420612,203384
2015-01-23,AS,100044,50844
2015-01-23,B6,144629,72414
2015-01-23,DL,509800,255277
2015-01-23,EV,313758,156421
2015-01-23,F9,39436,20157
2015-01-23,HA,32072,15985
2015-01-23,MQ,165117,82384
2015-01-23,NK,45826,23094
2015-01-23,OO,294470,142988
2015-01-23,UA,420153,205133
2015-01-23,US,256501,126379
2015-01-23,VX,39077,21231
2015-01-23,WN,474101,279526
2015-01-24,AA,432276,199603
2015-01-24,AS,101392,50952
2015-01-24,B6,165549,74297
2015-01-24,DL,540625,242472
2015-01-24,EV,341643,142786
2015-01-24,F9,40241,18991
2015-01-24,HA,35312,17303
2015-01-24,MQ,164398,73388
2015-01-24,NK,48463,24343
2015-01-24,OO,299713,134463
2015-01-24,UA,423835,184610
2015-01-24,US,270655,128508
2015-01-24,VX,46570,23562
2015-01-24,WN,532499,280926
2015-01-25,AA,426366,202108
2015-01-25,AS,106246,52381
2015-01-25,B6,155597,74299
2015-01-25,DL,526132,249168
2015-01-25,EV,327430,151024
2015-01-25,F9,40832,19598
2015-01-25,HA,35015,16915
2015-01-25,MQ,167798,80486
2015-01-25,NK,46855,22589
2015-01-25,OO,285419,136920
2015-01-25,UA,426453,196754
2015-01-25,US,266195,124622
2015-01-25,VX,42060,19488
2015-01-25,WN,524896,271862
2015-01-26,AA,413820,194149
2015-01-26,AS,103256,52176
2015-01-26,B6,172936,82018
2015-01-26,DL,529351,253557
2015-01-26,EV,326053,148236
2015-01-26,F9,38343,20813
2015-01-26,HA,37484,17425
2015-01-26,MQ,165960,79957
2015-01-26,NK,49897,23882
2015-01-26,OO,288268,139009
2015-01-26,UA,434101,201381
2015-01-26,US,266154,126780
2015-01-26,VX,42062,23185
2015-01-26,WN,484898,272381
2015-01-27,AA,359395,164542
2015-01-27,AS,107296,52254
2015-01-27,B6,101491,37887
2015-01-27,DL,501994,223450
2015-01-27,EV,301802,133934
2015-01-27,F9,42254,20368
2015-01-27,HA,32174,15264
2015-01-27,MQ,146056,68886
2015-01-27,NK,50924,23465
2015-01-27,OO,302370,141284
2015-01-27,UA,371816,156398
2015-01-27,US,204531,89464
2015-01-27,VX,37128,16658
2015-01-27,WN,483283,263797
2015-01-28,AA,417574,192414
2015-01-28,AS,105559,50823
2015-01-28,B6,174198,73093
2015-01-28,DL,535987,250243
2015-01-28,EV,328150,150901
2015-01-28,F9,40333,20885
2015-01-28,HA,34503,16767
2015-01-28,MQ,171358,80089
2015-01-28,NK,45604,22758
2015-01-28,OO,288258,136646
2015-01-28,UA,419240,191159
2015-01-28,US,265582,125213
2015-01-28,VX,45853,20062
2015-01-28,WN,490232,273816
2015-01-29,AA,418065,200680
2015-01-29,AS,103913,50717
2015-01-29,B6,150880,72183
2015-01-29,DL,519956,255115
2015-01-29,EV,317927,153023
2015-01-29,F9,40338,19857
2015-01-29,HA,30614,15629
2015-01-29,MQ,162923,80397
2015-01-29,NK,46123,22873
2015-01-29,OO,285629,139247
2015-01-29,UA,417862,202659
2015-01-29,US,254894,126412
2015-01-29,VX,38967,20945
2015-01-29,WN,478232,273252
2015-01-30,AA,419798,202287
2015-01-30,AS,97845,49822
2015-01-30,B6,146863,71986
2015-01-30,DL,521536,257429
2015-01-30,EV,321145,156033
2015-01-30,F9,38421,20275
2015-01-30,HA,32557,16156
2015-01-30,MQ,166856,82219
2015-01-30,NK,48781,23799
2015-01-30,OO,289125,140052
2015-01-30,UA,425947,205667
2015-01-30,US,256010,124566
2015-01-30,VX,38240,21192
2015-01-30,WN,476040,279708
2015-01-31,AA,428291,198657
2015-01-31,AS,99760,49876
2015-01-31,B6,157592,73544
2015-01-31,DL,554131,239282
2015-01-31,EV,343151,143280
2015-01-31,F9,41373,19443
2015-01-31,HA,33172,16207
2015-01-31,MQ,168865,76082
2015-01-31,NK,45147,22779
2015-01-31,OO,317057,139353
2015-01-31,UA,423880,185532
2015-01-31,US,261574,128500
2015-01-31,VX,47099,23669
2015-01-31,WN,532555,283712
2015-02-01,AA,396578,179784
2015-02-01,AS,96043,47811
2015-02-01,B6,161705,75132
2015-02-01,DL,553277,241704
2015-02-01,EV,294354,124291
2015-02-01,F9,39033,17966
2015-02-01,HA,33289,16414
2015-02-01,MQ,107825,51254
2015-02-01,NK,51182,23091
2015-02-01,OO,292226,130110
2015-02-01,UA,422269,183826
2015-02-01,US,275565,119272
2015-02-01,VX,46670,22687
2015-02-01,WN,558219,264841
2015-02-02,AA,404460,180720
2015-02-02,AS,99638,50407
2015-02-02,B6,168170,63364
2015-02-02,DL,528629,244205
2015-02-02,EV,306870,133929
2015-02-02,F9,36755,18595
2015-02-02,HA,30812,15485
2015-02-02,MQ,148301,65149
2015-02-02,NK,48968,21856
2015-02-02,OO,293739,137625
2015-02-02,UA,425768,187613
2015-02-02,US,280914,130255
2015-02-02,VX,47786,21470
2015-02-02,WN,512794,269465
2015-02-03,AA,408180,195871
2015-02-03,AS,106335,52993
2015-02-03,B6,158483,71703
2015-02-03,DL,541365,253060
2015-02-03,EV,321599,149157
2015-02-03,F9,41012,20557
2015-02-03,HA,33156,16232
2015-02-03,MQ,163880,77106
2015-02-03,NK,49076,23074
2015-02-03,OO,283589,134853
2015-02-03,UA,427702,199453
2015-02-03,US,267560,125353
2015-02-03,VX,41968,22099
2015-02-03,WN,482980,274618
2015-02-04,AA,415610,199840
2015-02-04,AS,108177,52488
2015-02-04,B6,144442,72734
2015-02-04,DL,533491,255946
2015-02-04,EV,317711,150103
2015-02-04,F9,41615,20629
2015-02-04,HA,35497,17299
2015-02-04,MQ,164203,81933
2015-02-04,NK,47604,23311
2015-02-04,OO,291344,139796
2015-02-04,UA,433822,204793
2015-02-04,US,256851,126701
2015-02-04,VX,40123,19656
2015-02-04,WN,471958,273953
2015-02-05,AA,410126,198594
2015-02-05,AS,101672,50979
2015-02-05,B6,147646,68778
2015-02-05,DL,519496,253431
2015-02-05,EV,316856,150870
2015-02-05,F9,39578,19825
2015-02-05,HA,29493,15225
2015-02-05,MQ,163904,79352
2015-02-05,NK,46576,22848
2015-02-05,OO,276388,135823
2015-02-05,UA,424648,206153
2015-02-05,US,263652,130245
2015-02-05,VX,39800,21030
2015-02-05,WN,483469,276010
2015-02-06,AA,406373,196794
2015-02-06,AS,101487,51381
2015-02-06,B6,147572,72973
2015-02-06,DL,522930,256166
2015-02-06,EV,307875,151030
2015-02-06,F9,39205,20874
2015-02-06,HA,30751,15698
2015-02-06,MQ,166167,81397
2015-02-06,NK,46595,23718
2015-02-06,OO,285890,137150
2015-02-06,UA,425832,202941
2015-02-06,US,260933,126999
2015-02-06,VX,43495,18430
2015-02-06,WN,486442,281012
2015-02-07,AA,431361,197285
2015-02-07,AS,104017,51747
2015-02-07,B6,156581,72749
2015-02-07,DL,558278,247125
2015-02-07,EV,345788,143237
2015-02-07,F9,43858,19175
2015-02-07,HA,30412,15924
2015-02-07,MQ,167819,74528
2015-02-07,NK,49175,24827
2015-02-07,OO,301647,133644
2015-02-07,UA,411988,181187
2015-02-07,US,273050,128346
2015-02-07,VX,47167,24650
2015-02-07,WN,543895,285951
2015-02-08,AA,422013,197805
2015-02-08,AS,104269,50403
2015-02-08,B6,163525,76911
2015-02-08,DL,530881,246129
2015-02-08,EV,327843,148917
2015-02-08,F9,42488,20321
2015-02-08,HA,36867,17492
2015-02-08,MQ,161770,78025
2015-02-08,NK,47324,22780
2015-02-08,OO,293326,137296
2015-02-08,UA,428661,195063
2015-02-08,US,273398,127988
2015-02-08,VX,50161,21064
2015-02-08,WN,536024,271462
2015-02-09,AA,403528,188685
2015-02-09,AS,95275,50248
2015-02-09,B6,165229,64374
2015-02-09,DL,532331,254234
2015-02-09,EV,319330,146367
2015-02-09,F9,40702,20788
2015-02-09,HA,35341,16921
2015-02-09,MQ,155964,75999
2015-02-09,NK,47927,23041
2015-02-09,OO,284440,138454
2015-02-09,UA,438937,203810
2015-02-09,US,261036,125243
2015-02-09,VX,44040,21096
2015-02-09,WN,490644,274642
2015-02-10,AA,410473,195998
2015-02-10,AS,99412,50405
2015-02-10,B6,158309,75252
2015-02-10,DL,530475,252856
2015-02-10,EV,315853,148570
2015-02-10,F9,42410,21575
2015-02-10,HA,29896,15288
2015-02-10,MQ,170613,81121
2015-02-10,NK,46630,22613
2015-02-10,OO,292975,138475
2015-02-10,UA,434394,203423
2015-02-10,US,268363,126963
2015-02-10,VX,39016,20882
2015-02-10,WN,484286,274852
2015-02-11,AA,424189,200214
2015-02-11,AS,104703,51210
2015-02-11,B6,148379,73676
2015-02-11,DL,532471,255377
2015-02-11,EV,316271,149588
2015-02-11,F9,41755,21000
2015-02-11,HA,36710,17307
2015-02-11,MQ,164040,80611
2015-02-11,NK,46422,23787
2015-02-11,OO,290501,138751
2015-02-11,UA,432319,202394
2015-02-11,US,249515,123622
2015-02-11,VX,39888,20265
2015-02-11,WN,484929,277619
2015-02-12,AA,423379,202718
2015-02-12,AS,98239,49742
2015-02-12,B6,149355,68498
2015-02-12,DL,524092,253113
2015-02-12,EV,300801,148267
2015-02-12,F9,41718,20758
2015-02-12,HA,29634,15124
2015-02-12,MQ,160573,80248
2015-02-12,NK,47169,23555
2015-02-12,OO,281081,137793
2015-02-12,UA,411737,199638
2015-02-12,US,258222,122184
2015-02-12,VX,39795,20943
2015-02-12,WN,482629,275919
2015-02-13,AA,412774,199240
2015-02-13,AS,97606,50434
2015-02-13,B6,145651,70846
2015-02-13,DL,509488,252806
2015-02-13,EV,309759,153807
2015-02-13,F9,41004,21498
2015-02-13,HA,35066,17229
2015-02-13,MQ,161389,81394
2015-02-13,NK,47155,23239
2015-02-13,OO,276057,137347
2015-02-13,UA,408902,197970
2015-02-13,US,245179,118880
2015-02-13,VX,38883,21012
2015-02-13,WN,480065,282067
2015-02-14,AA,415550,194650
2015-02-14,AS,97941,49005
2015-02-14,B6,159860,78899
2015-02-14,DL,551002,245562
2015-02-14,EV,332694,142296
2015-02-14,F9,43685,18259
2015-02-14,HA,33310,16339
2015-02-14,MQ,164609,75203
2015-02-14,NK,49546,23933
2015-02-14,OO,298028,135577
2015-02-14,UA,433550,190569
2015-02-14,US,273769,126647
2015-02-14,VX,46320,23128
2015-02-14,WN,531210,280219
2015-02-15,AA,424467,196712
2015-02-15,AS,101893,50357
2015-02-15,B6,184091,66942
2015-02-15,DL,561699,242682
2015-02-15,EV,313063,136282
2015-02-15,F9,41235,18956
2015-02-15,HA,35432,17296
2015-02-15,MQ,164240,78036
2015-02-15,NK,50176,22801
2015-02-15,OO,289847,136822
2015-02-15,UA,426008,189167
2015-02-15,US,264962,120046
2015-02-15,VX,46961,20656
2015-02-15,WN,545990,268887
2015-02-16,AA,414231,197687
2015-02-16,AS,102029,52815
2015-02-16,B6,148562,66388
2015-02-16,DL,515614,248713
2015-02-16,EV,308053,146434
2015-02-16,F9,36843,18862
2015-02-16,HA,37231,17342
2015-02-16,MQ,162309,77706
2015-02-16,NK,45934,22655
2015-02-16,OO,271588,134199
2015-02-16,UA,416412,190525
2015-02-16,US,266358,126254
2015-02-16,VX,42894,22878
2015-02-16,WN,481875,264790
2015-02-17,AA,420289,199969
2015-02-17,AS,101512,51459
2015-02-17,B6,146630,67921
2015-02-17,DL,518243,253152
2015-02-17,EV,309911,146443
2015-02-17,F9,39953,20541
2015-02-17,HA,35349,16691
2015-02-17,MQ,158185,77451
2015-02-17,NK,44644,22111
2015-02-17,OO,275438,134611
2015-02-17,UA,425141,205924
2015-02-17,US,251140,118095
2015-02-17,VX,44331,21065
2015-02-17,WN,489518,270821
2015-02-18,AA,437533,205182
2015-02-18,AS,98467,49795
2015-02-18,B6,147109,72145
2015-02-18,DL,502321,249781
2015-02-18,EV,297340,147068
2015-02-18,F9,41121,20692
2015-02-18,HA,37042,17337
2015-02-18,MQ,156514,78081
2015-02-18,NK,46611,23687
2015-02-18,OO,273385,135882
2015-02-18,UA,425224,203827
2015-02-18,US,243127,119473
2015-02-18,VX,39579,20370
2015-02-18,WN,472819,273163
2015-02-19,AA,423855,203111
2015-02-19,AS,99915,50708
2015-02-19,B6,153870,69998
2015-02-19,DL,505030,248135
2015-02-19,EV,295617,145495
2015-02-19,F9,40266,19524
2015-02-19,HA,29042,15048
2015-02-19,MQ,154193,77640
2015-02-19,NK,44916,22137
2015-02-19,OO,274051,135409
2015-02-19,UA,419846,200892
2015-02-19,US,253080,123254
2015-02-19,VX,39714,21400
2015-02-19,WN,479850,274016
2015-02-20,AA,423442,203072
2015-02-20,AS,98226,50862
2015-02-20,B6,147654,70234
2015-02-20,DL,506816,250840
2015-02-20,EV,294888,149210
2015-02-20,F9,37839,20464
2015-02-20,HA,32262,16214
2015-02-20,MQ,165594,81348
2015-02-20,NK,48764,24263
2015-02-20,OO,275522,136744
2015-02-20,UA,413532,200726
2015-02-20,US,249442,121316
2015-02-20,VX,39616,21521
2015-02-20,WN,485348,282781
2015-02-21,AA,421255,193576
2015-02-21,AS,104537,52377
2015-02-21,B6,163026,69019
2015-02-21,DL,562288,249235
2015-02-21,EV,323013,139943
2015-02-21,F9,42225,17452
2015-02-21,HA,33854,16883
2015-02-21,MQ,158770,72570
2015-02-21,NK,46830,22666
2015-02-21,OO,300743,136452
2015-02-21,UA,418595,184768
2015-02-21,US,266750,118736
2015-02-21,VX,47161,22636
2015-02-21,WN,555604,276081
2015-02-22,AA,411122,192556
2015-02-22,AS,100625,50438
2015-02-22,B6,145349,65195
2015-02-22,DL,528538,245195
2015-02-22,EV,319098,146232
2015-02-22,F9,40121,17930
2015-02-22,HA,34609,16007
2015-02-22,MQ,159820,76083
2015-02-22,NK,50730,24312
2015-02-22,OO,283729,135188
2015-02-22,UA,416938,190649
2015-02-22,US,258753,114063
2015-02-22,VX,43574,19911
2015-02-22,WN,531728,269827
2015-02-23,AA,394341,171424
2015-02-23,AS,97636,51502
2015-02-23,B6,143903,70451
2015-02-23,DL,518512,260885
2015-02-23,EV,301429,147007
2015-02-23,F9,37163,19999
2015-02-23,HA,35319,16882
2015-02-23,MQ,147021,65626
2015-02-23,NK,49585,21835
2015-02-23,OO,278569,136610
2015-02-23,UA,405608,198257
2015-02-23,US,243991,122297
2015-02-23,VX,41760,22180
2015-02-23,WN,486328,276560
2015-02-24,AA,435269,203527
2015-02-24,AS,100226,51252
2015-02-24,B6,150826,74707
2015-02-24,DL,533740,253105
2015-02-24,EV,310008,146029
2015-02-24,F9,37748,19816
2015-02-24,HA,35432,16730
2015-02-24,MQ,171452,79118
2015-02-24,NK,44508,21604
2015-02-24,OO,277879,136594
2015-02-24,UA,422467,200593
2015-02-24,US,248152,123070
2015-02-24,VX,42018,22096
2015-02-24,WN,507102,274782
2015-02-25,AA,418124,195549
2015-02-25,AS,96104,48921
2015-02-25,B6,153941,74767
2015-02-25,DL,547945,254399
2015-02-25,EV,304053,145725
2015-02-25,F9,37928,18776
2015-02-25,HA,36039,16899
2015-02-25,MQ,168127,77418
2015-02-25,NK,47072,23344
2015-02-25,OO,285410,137538
2015-02-25,UA,405067,194761
2015-02-25,US,260357,128058
2015-02-25,VX,40002,20471
2015-02-25,WN,498534,274270
2015-02-26,AA,416769,197784
2015-02-26,AS,99114,50829
2015-02-26,B6,149079,71230
2015-02-26,DL,524141,253230
2015-02-26,EV,301662,146340
2015-02-26,F9,37446,19218
2015-02-26,HA,28275,14600
2015-02-26,MQ,160559,78971
2015-02-26,NK,48722,23242
2015-02-26,OO,280466,137179
2015-02-26,UA,395571,194087
2015-02-26,US,268848,116610
2015-02-26,VX,38403,20913
2015-02-26,WN,487519,270525
2015-02-27,AA,431417,197103
2015-02-27,AS,99523,51507
2015-02-27,B6,143910,69518
2015-02-27,DL,522731,257972
2015-02-27,EV,301144,150491
2015-02-27,F9,39548,21278
2015-02-27,HA,32402,16244
2015-02-27,MQ,165467,77319
2015-02-27,NK,49919,25035
2015-02-27,OO,281348,139585
2015-02-27,UA,412561,201339
2015-02-27,US,245461,122912
2015-02-27,VX,39774,21295
2015-02-27,WN,477029,283368
2015-02-28,AA,369130,158494
2015-02-28,AS,99601,50235
2015-02-28,B6,153650,71509
2015-02-28,DL,559088,252470
2015-02-28,EV,313877,136681
2015-02-28,F9,41904,17181
2015-02-28,HA,32620,16431
2015-02-28,MQ,131796,55074
2015-02-28,NK,49064,22390
2015-02-28,OO,299857,137268
2015-02-28,UA,430836,191938
2015-02-28,US,267615,121829
2015-02-28,VX,46238,23461
2015-02-28,WN,532141,283829
2015-03-01,AA,427365,185122
2015-03-01,AS,102987,50271
2015-03-01,B6,153200,64393
2015-03-01,DL,534604,242552
2015-03-01,EV,319262,144522
2015-03-01,F9,37921,18451
2015-03-01,HA,32857,15854
2015-03-01,MQ,176981,76465
2015-03-01,NK,51384,22501
2015-03-01,OO,285649,137659
2015-03-01,UA,430592,189008
2015-03-01,US,260526,116526
2015-03-01,VX,47102,19518
2015-03-01,WN,551234,266325
2015-03-02,AA,418916,199359
2015-03-02,AS,101933,52591
2015-03-02,B6,148134,69799
2015-03-02,DL,516989,248054
2015-03-02,EV,305701,150566
2015-03-02,F9,35693,19306
2015-03-02,HA,34384,16382
2015-03-02,MQ,168840,80638
2015-03-02,NK,48931,23219
2015-03-02,OO,282351,139686
2015-03-02,UA,418435,198364
2015-03-02,US,245840,120070
2015-03-02,VX,38254,20296
2015-03-02,WN,488513,273747
2015-03-03,AA,402868,191105
2015-03-03,AS,103943,52418
2015-03-03,B6,153257,71680
2015-03-03,DL,503989,246775
2015-03-03,EV,314560,144292
2015-03-03,F9,37444,19489
2015-03-03,HA,34820,16703
2015-03-03,MQ,172249,79494
2015-03-03,NK,47082,21853
2015-03-03,OO,290622,138365
2015-03-03,UA,417087,193970
2015-03-03,US,260745,122261
2015-03-03,VX,40714,21346
2015-03-03,WN,492485,273804
2015-03-04,AA,438850,197740
2015-03-04,AS,99595,50313
2015-03-04,B6,159161,77276
2015-03-04,DL,517797,255189
2015-03-04,EV,311695,148336
2015-03-04,F9,42631,21345
2015-03-04,HA,31218,15202
2015-03-04,MQ,166393,75817
2015-03-04,NK,47730,24675
2015-03-04,OO,285794,138817
2015-03-04,UA,423369,201235
2015-03-04,US,256741,123653
2015-03-04,VX,40046,21817
2015-03-04,WN,506951,282049
2015-03-05,AA,421108,176972
2015-03-05,AS,98475,50360
2015-03-05,B6,165611,63979
2015-03-05,DL,535149,243637
2015-03-05,EV,293859,131043
2015-03-05,F9,39878,20137
2015-03-05,HA,30813,15593
2015-03-05,MQ,156527,64114
2015-03-05,NK,50304,22636
2015-03-05,OO,280846,135818
2015-03-05,UA,409508,178424
2015-03-05,US,255239,104054
2015-03-05,VX,43501,19309
2015-03-05,WN,528030,273205
2015-03-06,AA,422821,199425
2015-03-06,AS,99276,51293
2015-03-06,B6,148847,69711
2015-03-06,DL,506078,246263
2015-03-06,EV,301869,147241
2015-03-06,F9,39299,20036
2015-03-06,HA,33218,16331
2015-03-06,MQ,157374,75936
2015-03-06,NK,47728,24335
2015-03-06,OO,273199,134231
2015-03-06,UA,410314,192347
2015-03-06,US,243787,117520
2015-03-06,VX,39335,20937
2015-03-06,WN,489861,277647
2015-03-07,AA,420365,195601
2015-03-07,AS,104261,50550
2015-03-07,B6,157935,74738
2015-03-07,DL,539874,251933
2015-03-07,EV,319016,146502
2015-03-07,F9,43593,18754
2015-03-07,HA,34336,17086
2015-03-07,MQ,147188,68049
2015-03-07,NK,49420,24931
2015-03-07,OO,282428,132606
2015-03-07,UA,426295,187820
2015-03-07,US,253614,119122
2015-03-07,VX,47519,24103
2015-03-07,WN,488749,280580
2015-03-08,AA,413661,198162
2015-03-08,AS,95038,48347
2015-03-08,B6,155792,73110
2015-03-08,DL,516010,245754
2015-03-08,EV,304642,146578
2015-03-08,F9,39561,18849
2015-03-08,HA,33471,16260
2015-03-08,MQ,157971,75455
2015-03-08,NK,49940,23739
2015-03-08,OO,271433,133558
2015-03-08,UA,425660,189679
2015-03-08,US,251958,117225
2015-03-08,VX,45710,20703
2015-03-08,WN,481640,262669
2015-03-09,AA,415231,201387
2015-03-09,AS,97811,50140
2015-03-09,B6,143635,70764
2015-03-09,DL,515944,254525
2015-03-09,EV,292456,146381
2015-03-09,F9,39415,19398
2015-03-09,HA,33691,16402
2015-03-09,MQ,164605,78114
2015-03-09,NK,46307,23631
2015-03-09,OO,286143,138965
2015-03-09,UA,408043,197372
2015-03-09,US,252230,123046
2015-03-09,VX,39266,21984
2015-03-09,WN,458106,266624
2015-03-10,AA,414603,199357
2015-03-10,AS,99648,50623
2015-03-10,B6,150912,74378
2015-03-10,DL,505462,253055
2015-03-10,EV,311936,149551
2015-03-10,F9,36233,19024
2015-03-10,HA,32735,15723
2015-03-10,MQ,160638,78043
2015-03-10,NK,48129,23691
2015-03-10,OO,281661,134412
2015-03-10,UA,420040,197882
2015-03-10,US,245102,119766
2015-03-10,VX,40567,21719
2015-03-10,WN,465468,270594
2015-03-11,AA,423130,203116
2015-03-11,AS,96641,49473
2015-03-11,B6,151431,74596
2015-03-11,DL,516929,252967
2015-03-11,EV,297553,147608
2015-03-11,F9,41109,20314
2015-03-11,HA,32491,15895
2015-03-11,MQ,161185,77970
2015-03-11,NK,48690,24458
2015-03-11,OO,264113,130864
2015-03-11,UA,419784,198166
2015-03-11,US,244860,120078
2015-03-11,VX,40264,20725
2015-03-11,WN,462385,267042
2015-03-12,AA,414832,199622
2015-03-12,AS,100575,50141
2015-03-12,B6,146138,70791
2015-03-12,DL,512944,250738
2015-03-12,EV,300931,150641
2015-03-12,F9,38941,20367
2015-03-12,HA,33648,16601
2015-03-12,MQ,155259,76923
2015-03-12,NK,46661,23376
2015-03-12,OO,267883,133152
2015-03-12,UA,409395,196258
2015-03-12,US,248043,118644
2015-03-12,VX,39212,21536
2015-03-12,WN,456688,266256
2015-03-13,AA,412043,198776
2015-03-13,AS,91189,49055
2015-03-13,B6,148483,71158
2015-03-13,DL,502187,250023
2015-03-13,EV,294236,150269
2015-03-13,F9,40229,20303
2015-03-13,HA,32451,16053
2015-03-13,MQ,165271,80433
2015-03-13,NK,46784,24210
2015-03-13,OO,264298,132974
2015-03-13,UA,410316,194535
2015-03-13,US,239205,117520
2015-03-13,VX,39238,21554
2015-03-13,WN,454264,272196
2015-03-14,AA,430158,202161
2015-03-14,AS,101184,50134
2015-03-14,B6,155555,71338
2015-03-14,DL,527874,249195
2015-03-14,EV,325234,149282
2015-03-14,F9,42858,19064
2015-03-14,HA,31957,16369
2015-03-14,MQ,160330,73020
2015-03-14,NK,48935,24709
2015-03-14,OO,286039,134101
2015-03-14,UA,430432,188159
2015-03-14,US,254071,116097
2015-03-14,VX,46656,23550
2015-03-14,WN,483981,280862
2015-03-15,AA,412286,197285
2015-03-15,AS,99735,48226
2015-03-15,B6,161370,67500
2015-03-15,DL,526645,242226
2015-03-15,EV,310541,147623
2015-03-15,F9,42056,20737
2015-03-15,HA,33859,16333
2015-03-15,MQ,170126,78482
2015-03-15,NK,51148,25364
2015-03-15,OO,272001,134708
2015-03-15,UA,413975,184105
2015-03-15,US,250418,116170
2015-03-15,VX,46435,20188
2015-03-15,WN,486991,265131
2015-03-16,AA,423709,203896
2015-03-16,AS,101606,52082
2015-03-16,B6,150424,75054
2015-03-16,DL,516015,254444
2015-03-16,EV,307711,151428
2015-03-16,F9,39787,20459
2015-03-16,HA,30921,14856
2015-03-16,MQ,161366,77135
2015-03-16,NK,47777,24266
2015-03-16,OO,273534,135062
2015-03-16,UA,417311,198406
2015-03-16,US,251159,123394
2015-03-16,VX,38808,22209
2015-03-16,WN,462550,267306
2015-03-17,AA,407937,196288
2015-03-17,AS,104870,52065
2015-03-17,B6,157456,71503
2015-03-17,DL,514789,251903
2015-03-17,EV,309974,147271
2015-03-17,F9,38563,20072
2015-03-17,HA,34186,16295
2015-03-17,MQ,166413,78049
2015-03-17,NK,48776,24030
2015-03-17,OO,272411,132537
2015-03-17,UA,417946,194104
2015-03-17,US,252105,121121
2015-03-17,VX,42051,22241
2015-03-17,WN,458422,265132
2015-03-18,AA,415841,199676
2015-03-18,AS,106239,52705
2015-03-18,B6,153632,72916
2015-03-18,DL,512841,251831
2015-03-18,EV,294707,146323
2015-03-18,F9,41571,20922
2015-03-18,HA,31574,15419
2015-03-18,MQ,160308,75484
2015-03-18,NK,46969,23512
2015-03-18,OO,271591,132962
2015-03-18,UA,416333,195647
2015-03-18,US,248994,120338
2015-03-18,VX,40314,20112
2015-03-18,WN,460506,264992
2015-03-19,AA,421417,201467
2015-03-19,AS,100164,49859
2015-03-19,B6,151870,72862
2015-03-19,DL,505060,249080
2015-03-19,EV,294457,148938
2015-03-19,F9,40961,20336
2015-03-19,HA,33419,15666
2015-03-19,MQ,157718,77086
2015-03-19,NK,47972,24051
2015-03-19,OO,269428,134491
2015-03-19,UA,414418,198635
2015-03-19,US,252851,120435
2015-03-19,VX,38658,21423
2015-03-19,WN,457876,264587
2015-03-20,AA,420098,200285
2015-03-20,AS,98398,50673
2015-03-20,B6,157108,68600
2015-03-20,DL,499910,244402
2015-03-20,EV,311656,149420
2015-03-20,F9,38572,20328
2015-03-20,HA,31756,16168
2015-03-20,MQ,154689,75243
2015-03-20,NK,48476,24216
2015-03-20,OO,270019,134571
2015-03-20,UA,411939,188421
2015-03-20,US,237011,113600
2015-03-20,VX,41581,21242
2015-03-20,WN,460396,262824
2015-03-21,AA,432354,203402
2015-03-21,AS,101484,50619
2015-03-21,B6,152925,71424
2015-03-21,DL,538454,252164
2015-03-21,EV,314179,145348
2015-03-21,F9,47143,21417
2015-03-21,HA,31441,15703
2015-03-21,MQ,155339,71224
2015-03-21,NK,46647,24331
2015-03-21,OO,276424,131524
2015-03-21,UA,425942,187177
2015-03-21,US,258683,119040
2015-03-21,VX,47175,24029
2015-03-21,WN,476149,278317
2015-03-22,AA,427540,203614
2015-03-22,AS,99183,50297
2015-03-22,B6,149325,70570
2015-03-22,DL,512657,245153
2015-03-22,EV,304749,147474
2015-03-22,F9,40915,20179
2015-03-22,HA,32512,15516
2015-03-22,MQ,150683,73945
2015-03-22,NK,47519,23828
2015-03-22,OO,273674,135725
2015-03-22,UA,409771,185275
2015-03-22,US,253550,118906
2015-03-22,VX,44103,20283
2015-03-22,WN,479419,264512
2015-03-23,AA,421518,198124
2015-03-23,AS,99477,51107
2015-03-23,B6,146132,71500
2015-03-23,DL,507244,251137
2015-03-23,EV,305480,147017
2015-03-23,F9,40529,19740
2015-03-23,HA,32754,15900
2015-03-23,MQ,158054,72771
2015-03-23,NK,48211,22793
2015-03-23,OO,280596,135635
2015-03-23,UA,404596,187173
2015-03-23,US,249718,122397
2015-03-23,VX,37036,20787
2015-03-23,WN,473798,256885
2015-03-24,AA,417442,202008
2015-03-24,AS,99672,50434
2015-03-24,B6,149837,74440
2015-03-24,DL,523270,257254
2015-03-24,EV,315677,151196
2015-03-24,F9,39738,21463
2015-03-24,HA,33862,16193
2015-03-24,MQ,160906,77132
2015-03-24,NK,46160,23819
2015-03-24,OO,274920,133313
2015-03-24,UA,421333,198723
2015-03-24,US,244632,118274
2015-03-24,VX,36980,20791
2015-03-24,WN,457436,263755
2015-03-25,AA,418239,200113
2015-03-25,AS,101034,50951
2015-03-25,B6,148618,72760
2015-03-25,DL,516962,254412
2015-03-25,EV,297638,148332
2015-03-25,F9,41117,20391
2015-03-25,HA,33110,15933
2015-03-25,MQ,155941,75657
2015-03-25,NK,48588,24107
2015-03-25,OO,278265,136608
2015-03-25,UA,409078,194253
2015-03-25,US,247818,119830
2015-03-25,VX,38518,20401
2015-03-25,WN,448064,259349
2015-03-26,AA,422758,204136
2015-03-26,AS,98702,50040
2015-03-26,B6,145411,66338
2015-03-26,DL,504607,244912
2015-03-26,EV,302519,149352
2015-03-26,F9,38882,20208
2015-03-26,HA,35510,17006
2015-03-26,MQ,156396,75236
2015-03-26,NK,47876,23088
2015-03-26,OO,276578,136772
2015-03-26,UA,406631,191021
2015-03-26,US,246472,117290
2015-03-26,VX,36768,20027
2015-03-26,WN,453065,255419
2015-03-27,AA,419116,202515
2015-03-27,AS,99289,51297
2015-03-27,B6,144915,69303
2015-03-27,DL,502850,249718
2015-03-27,EV,293071,149522
2015-03-27,F9,38751,19432
2015-03-27,HA,32926,16188
2015-03-27,MQ,149488,75377
2015-03-27,NK,47511,24242
2015-03-27,OO,273634,135472
2015-03-27,UA,410990,191156
2015-03-27,US,242144,117586
2015-03-27,VX,38759,20892
2015-03-27,WN,448273,266322
2015-03-28,AA,423889,198946
2015-03-28,AS,102709,51216
2015-03-28,B6,158234,72232
2015-03-28,DL,534393,249664
2015-03-28,EV,315246,144993
2015-03-28,F9,45766,20955
2015-03-28,HA,37185,17863
2015-03-28,MQ,159295,72541
2015-03-28,NK,47939,24761
2015-03-28,OO,285089,133997
2015-03-28,UA,433813,187693
2015-03-28,US,253196,113935
2015-03-28,VX,46840,23850
2015-03-28,WN,478106,277426
2015-03-29,AA,440439,204924
2015-03-29,AS,101641,50912
2015-03-29,B6,154789,75272
2015-03-29,DL,524308,248001
2015-03-29,EV,314923,149596
2015-03-29,F9,42655,20493
2015-03-29,HA,33809,16348
2015-03-29,MQ,166665,77995
2015-03-29,NK,50345,25006
2015-03-29,OO,273228,134327
2015-03-29,UA,398985,177375
2015-03-29,US,255660,118996
2015-03-29,VX,44645,21124
2015-03-29,WN,484076,263416
2015-03-30,AA,434756,208030
2015-03-30,AS,98359,50469
2015-03-30,B6,153482,70623
2015-03-30,DL,509362,252747
2015-03-30,EV,303873,151300
2015-03-30,F9,40707,20746
2015-03-30,HA,34497,16424
2015-03-30,MQ,158478,76788
2015-03-30,NK,48648,24751
2015-03-30,OO,276744,136420
2015-03-30,UA,405470,193103
2015-03-30,US,239866,119433
2015-03-30,VX,38478,21480
2015-03-30,WN,451571,259626
2015-03-31,AA,434636,204362
2015-03-31,AS,96031,49532
2015-03-31,B6,148648,72661
2015-03-31,DL,517005,253742
2015-03-31,EV,314810,151575
2015-03-31,F9,36749,20095
2015-03-31,HA,39515,18110
2015-03-31,MQ,163518,78181
2015-03-31,NK,48397,23881
2015-03-31,OO,281074,134657
2015-03-31,UA,421370,195549
2015-03-31,US,246443,119721
2015-03-31,VX,39997,21346
2015-03-31,WN,450605,262887
2015-04-01,AA,428929,201077
2015-04-01,AS,98156,49857
2015-04-01,B6,156574,73528
2015-04-01,DL,520400,252902
2015-04-01,EV,290948,145384
2015-04-01,F9,38973,20298
2015-04-01,HA,35975,16903
2015-04-01,MQ,166013,78023
2015-04-01,NK,49993,25368
2015-04-01,OO,281388,135839
2015-04-01,UA,411834,193102
2015-04-01,US,250448,120810
2015-04-01,VX,36461,19957
2015-04-01,WN,450130,261684
2015-04-02,AA,430954,206350
2015-04-02,AS,97104,49201
2015-04-02,B6,151494,70215
2015-04-02,DL,506830,249360
2015-04-02,EV,296428,148173
2015-04-02,F9,38465,19903
2015-04-02,HA,35649,17045
2015-04-02,MQ,156537,75846
2015-04-02,NK,48335,24312
2015-04-02,OO,267351,133245
2015-04-02,UA,402963,191235
2015-04-02,US,241120,118028
2015-04-02,VX,37114,20896
2015-04-02,WN,443661,258147
2015-04-03,AA,425256,204415
2015-04-03,AS,94064,49057
2015-04-03,B6,150077,69358
2015-04-03,DL,515225,253438
2015-04-03,EV,302253,151030
2015-04-03,F9,38445,19989
2015-04-03,HA,35469,17227
2015-04-03,MQ,157233,76365
2015-04-03,NK,47529,24305
2015-04-03,OO,271833,135556
2015-04-03,UA,407038,189457
2015-04-03,US,239852,118498
2015-04-03,VX,39592,21333
2015-04-03,WN,449561,269121
2015-04-04,AA,437354,201281
2015-04-04,AS,102261,51043
2015-04-04,B6,158896,67323
2015-04-04,DL,552031,246438
2015-04-04,EV,314274,139652
2015-04-04,F9,45309,20790
2015-04-04,HA,35912,17450
2015-04-04,MQ,150783,67411
2015-04-04,NK,48292,25305
2015-04-04,OO,297437,135610
2015-04-04,UA,434125,189023
2015-04-04,US,256616,117337
2015-04-04,VX,46754,23039
2015-04-04,WN,478150,279750
2015-04-05,AA,425743,202959
2015-04-05,AS,98333,49956
2015-04-05,B6,153224,71596
2015-04-05,DL,542280,247197
2015-04-05,EV,320908,145953
2015-04-05,F9,41236,20654
2015-04-05,HA,36716,17403
2015-04-05,MQ,158015,74825
2015-04-05,NK,47374,24061
2015-04-05,OO,279941,133917
2015-04-05,UA,410856,180554
2015-04-05,US,245109,113705
2015-04-05,VX,42097,20780
2015-04-05,WN,482002,265832
2015-04-06,AA,419241,201972
2015-04-06,AS,99595,51633
2015-04-06,B6,146679,70946
2015-04-06,DL,508632,251697
2015-04-06,EV,301542,150102
2015-04-06,F9,38917,20396
2015-04-06,HA,34431,16395
2015-04-06,MQ,153568,74671
2015-04-06,NK,47124,24757
2015-04-06,OO,279509,138633
2015-04-06,UA,401082,192218
2015-04-06,US,239852,119826
2015-04-06,VX,38703,21481
2015-04-06,WN,455282,266574
2015-04-07,AA,426611,203204
2015-04-07,AS,93735,49072
2015-04-07,B6,150875,72837
2015-04-07,DL,510510,254517
2015-04-07,EV,303302,147196
2015-04-07,F9,37842,20604
2015-04-07,HA,32482,15682
2015-04-07,MQ,157212,75672
2015-04-07,NK,47328,24224
2015-04-07,OO,277075,137419
2015-04-07,UA,420127,199358
2015-04-07,US,241201,118868
2015-04-07,VX,35830,20191
2015-04-07,WN,462801,267173
2015-04-08,AA,432128,206168
2015-04-08,AS,98872,50415
2015-04-08,B6,152487,71396
2015-04-08,DL,507252,251769
2015-04-08,EV,297417,147494
2015-04-08,F9,38862,19484
2015-04-08,HA,31663,15126
2015-04-08,MQ,156032,76738
2015-04-08,NK,49272,25527
2015-04-08,OO,273123,136683
2015-04-08,UA,405586,192679
2015-04-08,US,250405,121909
2015-04-08,VX,37454,20149
2015-04-08,WN,457520,260078
2015-04-09,AA,426809,193950
2015-04-09,AS,100348,49964
2015-04-09,B6,144581,67743
2015-04-09,DL,504699,245953
2015-04-09,EV,308903,144597
2015-04-09,F9,41261,19522
2015-04-09,HA,32324,16114
2015-04-09,MQ,162881,72489
2015-04-09,NK,49606,22585
2015-04-09,OO,283523,135753
2015-04-09,UA,408403,183210
2015-04-09,US,240306,116522
2015-04-09,VX,36542,18951
2015-04-09,WN,469427,254654
2015-04-10,AA,424566,203871
2015-04-10,AS,98009,50673
2015-04-10,B6,145872,68643
2015-04-10,DL,506195,238514
2015-04-10,EV,299624,145979
2015-04-10,F9,38688,19933
2015-04-10,HA,35281,16991
2015-04-10,MQ,163603,77613
2015-04-10,NK,48466,25020
2015-04-10,OO,272775,135419
2015-04-10,UA,407292,192202
2015-04-10,US,243183,120208
2015-04-10,VX,35152,20122
2015-04-10,WN,456002,276146
2015-04-11,AA,445287,203225
2015-04-11,AS,106231,52374
2015-04-11,B6,158054,71770
2015-04-11,DL,543745,251628
2015-04-11,EV,313148,138951
2015-04-11,F9,46207,20224
2015-04-11,HA,39912,18877
2015-04-11,MQ,153096,68475
2015-04-11,NK,50228,25924
2015-04-11,OO,291632,133216
2015-04-11,UA,432527,189843
2015-04-11,US,253248,115389
2015-04-11,VX,45683,23457
2015-04-11,WN,524262,281323
2015-04-12,AA,421018,199898
2015-04-12,AS,101963,51203
2015-04-12,B6,149551,71189
2015-04-12,DL,524430,249272
2015-04-12,EV,305450,145286
2015-04-12,F9,39686,18963
2015-04-12,HA,36787,17361
2015-04-12,MQ,156309,74459
2015-04-12,NK,49428,24622
2015-04-12,OO,274775,136145
2015-04-12,UA,418112,185511
2015-04-12,US,240196,111205
2015-04-12,VX,44298,20935
2015-04-12,WN,486319,260916
2015-04-13,AA,427435,195163
2015-04-13,AS,95440,49828
2015-04-13,B6,149222,70235
2015-04-13,DL,515550,255012
2015-04-13,EV,295141,146313
2015-04-13,F9,38874,19074
2015-04-13,HA,32943,16048
2015-04-13,MQ,161142,75325
2015-04-13,NK,48248,24687
2015-04-13,OO,272640,136395
2015-04-13,UA,399802,193592
2015-04-13,US,243085,120532
2015-04-13,VX,37782,21300
2015-04-13,WN,457804,263414
2015-04-14,AA,428350,203236
2015-04-14,AS,99674,50541
2015-04-14,B6,155700,76349
2015-04-14,DL,522590,257495
2015-04-14,EV,300887,145412
2015-04-14,F9,38867,20552
2015-04-14,HA,35627,16700
2015-04-14,MQ,160883,75534
2015-04-14,NK,49161,24722
2015-04-14,OO,282613,136438
2015-04-14,UA,412957,196625
2015-04-14,US,243604,118952
2015-04-14,VX,39235,20998
2015-04-14,WN,461120,264054
2015-04-15,AA,421609,199794
2015-04-15,AS,97925,49563
2015-04-15,B6,152667,72789
2015-04-15,DL,515996,256068
2015-04-15,EV,296580,145269
2015-04-15,F9,34984,18230
2015-04-15,HA,34676,16453
2015-04-15,MQ,158638,75899
2015-04-15,NK,48320,25157
2015-04-15,OO,274205,137353
2015-04-15,UA,408677,195332
2015-04-15,US,253029,121854
2015-04-15,VX,37896,20663
2015-04-15,WN,464517,266218
2015-04-16,AA,421357,202443
2015-04-16,AS,93170,48306
2015-04-16,B6,151576,71437
2015-04-16,DL,517983,253047
2015-04-16,EV,297757,144443
2015-04-16,F9,35543,17978
2015-04-16,HA,37179,17509
2015-04-16,MQ,159646,76105
2015-04-16,NK,47705,22971
2015-04-16,OO,275819,135692
2015-04-16,UA,398141,186224
2015-04-16,US,245586,119203
2015-04-16,VX,36371,20206
2015-04-16,WN,453646,256739
2015-04-17,AA,427908,197979
2015-04-17,AS,97087,50279
2015-04-17,B6,151104,72549
2015-04-17,DL,507510,254523
2015-04-17,EV,293600,143332
2015-04-17,F9,37701,20238
2015-04-17,HA,34284,16978
2015-04-17,MQ,157865,74611
2015-04-17,NK,46259,23483
2015-04-17,OO,281123,137273
2015-04-17,UA,388927,187745
2015-04-17,US,255238,123894
2015-04-17,VX,38024,21050
2015-04-17,WN,466184,275535
2015-04-18,AA,431757,193721
2015-04-18,AS,103316,51384
2015-04-18,B6,160644,74863
2015-04-18,DL,548893,252650
2015-04-18,EV,311887,137249
2015-04-18,F9,40214,19974
2015-04-18,HA,33424,16854
2015-04-18,MQ,158259,68040
2015-04-18,NK,46730,23894
2015-04-18,OO,292879,134196
2015-04-18,UA,428561,189200
2015-04-18,US,260166,118533
2015-04-18,VX,48087,23873
2015-04-18,WN,531137,284638
2015-04-19,AA,418269,198890
2015-04-19,AS,96320,49260
2015-04-19,B6,154267,71407
2015-04-19,DL,518662,248624
2015-04-19,EV,299508,143481
2015-04-19,F9,38528,19458
2015-04-19,HA,34005,16333
2015-04-19,MQ,158872,75071
2015-04-19,NK,47635,23045
2015-04-19,OO,281503,136571
2015-04-19,UA,414662,184902
2015-04-19,US,246205,114377
2015-04-19,VX,42926,20406
2015-04-19,WN,496750,261297
2015-04-20,AA,433879,202175
2015-04-20,AS,96598,49861
2015-04-20,B6,157930,64670
2015-04-20,DL,519100,250037
2015-04-20,EV,292843,139498
2015-04-20,F9,38211,20055
2015-04-20,HA,30338,14991
2015-04-20,MQ,157582,72981
2015-04-20,NK,47948,23295
2015-04-20,OO,276571,137632
2015-04-20,UA,412321,192548
2015-04-20,US,242441,115719
2015-04-20,VX,38181,20041
2015-04-20,WN,473578,263541
2015-04-21,AA,427074,203781
2015-04-21,AS,98552,50212
2015-04-21,B6,152245,76048
2015-04-21,DL,523273,261402
2015-04-21,EV,291751,141896
2015-04-21,F9,37857,20197
2015-04-21,HA,34155,16272
2015-04-21,MQ,161711,76201
2015-04-21,NK,46675,24552
2015-04-21,OO,283296,136856
2015-04-21,UA,427610,202375
2015-04-21,US,250588,121660
2015-04-21,VX,37729,20490
2015-04-21,WN,466917,265910
2015-04-22,AA,414153,198299
2015-04-22,AS,96533,49303
2015-04-22,B6,151018,71994
2015-04-22,DL,507708,251593
2015-04-22,EV,293538,143339
2015-04-22,F9,37391,20401
2015-04-22,HA,34575,16465
2015-04-22,MQ,155398,74935
2015-04-22,NK,47717,23608
2015-04-22,OO,271483,135511
2015-04-22,UA,413454,197195
2015-04-22,US,246427,120529
2015-04-22,VX,37591,20270
2015-04-22,WN,463110,265414
2015-04-23,AA,417529,199428
2015-04-23,AS,97303,49367
2015-04-23,B6,152017,72019
2015-04-23,DL,505967,250033
2015-04-23,EV,289420,144720
2015-04-23,F9,38399,19894
2015-04-23,HA,35678,17052
2015-04-23,MQ,154215,74631
2015-04-23,NK,45114,23588
2015-04-23,OO,278286,139224
2015-04-23,UA,409275,195048
2015-04-23,US,250354,121399
2015-04-23,VX,36003,20193
2015-04-23,WN,458576,262599
2015-04-24,AA,431728,194118
2015-04-24,AS,94214,49221
2015-04-24,B6,148226,69853
2015-04-24,DL,506891,253531
2015-04-24,EV,291441,146900
2015-04-24,F9,36637,19190
2015-04-24,HA,32521,16247
2015-04-24,MQ,159328,73374
2015-04-24,NK,48503,22342
2015-04-24,OO,275837,136979
2015-04-24,UA,403485,192982
2015-04-24,US,245789,120110
2015-04-24,VX,36343,19775
2015-04-24,WN,462119,273805
2015-04-25,AA,427078,198883
2015-04-25,AS,99707,49802
2015-04-25,B6,161730,74659
2015-04-25,DL,544188,254016
2015-04-25,EV,311105,137769
2015-04-25,F9,42385,21030
2015-04-25,HA,35401,17444
2015-04-25,MQ,150515,67484
2015-04-25,NK,45284,24148
2015-04-25,OO,289792,135134
2015-04-25,UA,416898,185820
2015-04-25,US,263630,120617
2015-04-25,VX,45991,23559
2015-04-25,WN,523856,283781
2015-04-26,AA,435010,201458
2015-04-26,AS,100644,50837
2015-04-26,B6,151724,72105
2015-04-26,DL,524417,249694
2015-04-26,EV,303257,145003
2015-04-26,F9,38992,20107
2015-04-26,HA,36588,17386
2015-04-26,MQ,157149,73511
2015-04-26,NK,48383,23756
2015-04-26,OO,287003,140245
2015-04-26,UA,422410,189687
2015-04-26,US,253010,119024
2015-04-26,VX,42942,20423
2015-04-26,WN,492728,263134
2015-04-27,AA,421028,197985
2015-04-27,AS,98274,51488
2015-04-27,B6,147560,69936
2015-04-27,DL,516242,256868
2015-04-27,EV,289765,142782
2015-04-27,F9,37815,19793
2015-04-27,HA,37342,17418
2015-04-27,MQ,149127,71504
2015-04-27,NK,45852,22443
2015-04-27,OO,274413,138266
2015-04-27,UA,406517,197881
2015-04-27,US,239987,118994
2015-04-27,VX,38183,21653
2015-04-27,WN,470575,265323
2015-04-28,AA,424971,200174
2015-04-28,AS,95603,49427
2015-04-28,B6,149414,73147
2015-04-28,DL,515597,256111
2015-04-28,EV,292107,141673
2015-04-28,F9,40015,21226
2015-04-28,HA,34238,16350
2015-04-28,MQ,153355,73470
2015-04-28,NK,46377,24064
2015-04-28,OO,287687,138622
2015-04-28,UA,415258,196866
2015-04-28,US,254384,122427
2015-04-28,VX,39240,20981
2015-04-28,WN,468966,268776
2015-04-29,AA,424646,202535
2015-04-29,AS,96432,50266
2015-04-29,B6,148642,71572
2015-04-29,DL,523933,256869
2015-04-29,EV,287670,141576
2015-04-29,F9,39673,19167
2015-04-29,HA,36056,16918
2015-04-29,MQ,156896,74930
2015-04-29,NK,50340,25125
2015-04-29,OO,271359,135767
2015-04-29,UA,408700,193988
2015-04-29,US,250311,120808
2015-04-29,VX,40884,21441
2015-04-29,WN,473775,268658
2015-04-30,AA,416793,198628
2015-04-30,AS,96364,49185
2015-04-30,B6,148967,70485
2015-04-30,DL,520933,254476
2015-04-30,EV,299187,146263
2015-04-30,F9,35426,17569
2015-04-30,HA,33019,16086
2015-04-30,MQ,157761,75277
2015-04-30,NK,48505,23836
2015-04-30,OO,280492,139329
2015-04-30,UA,410449,195191
2015-04-30,US,244581,118163
2015-04-30,VX,37608,20333
2015-04-30,WN,469942,261914
2015-05-01,AA,422192,201314
2015-05-01,AS,96343,49775
2015-05-01,B6,154502,75419
2015-05-01,DL,508698,254396
2015-05-01,EV,291158,144879
2015-05-01,F9,34581,18492
2015-05-01,HA,32802,15664
2015-05-01,MQ,153989,74253
2015-05-01,NK,47094,23554
2015-05-01,OO,274567,137976
2015-05-01,UA,398308,192146
2015-05-01,US,244287,119402
2015-05-01,VX,37092,20665
2015-05-01,WN,466979,281264
2015-05-02,AA,447184,202199
2015-05-02,AS,102244,51415
2015-05-02,B6,164065,76885
2015-05-02,DL,549470,248555
2015-05-02,EV,316192,136121
2015-05-02,F9,35710,17922
2015-05-02,HA,34562,17020
2015-05-02,MQ,149323,66958
2015-05-02,NK,49324,25452
2015-05-02,OO,300798,136569
2015-05-02,UA,432586,191347
2015-05-02,US,261152,118852
2015-05-02,VX,42767,22305
2015-05-02,WN,535120,284325
2015-05-03,AA,425792,199072
2015-05-03,AS,99230,49959
2015-05-03,B6,155777,73576
2015-05-03,DL,529041,252969
2015-05-03,EV,300610,141015
2015-05-03,F9,38478,18930
2015-05-03,HA,34022,16330
2015-05-03,MQ,159875,74912
2015-05-03,NK,51597,23755
2015-05-03,OO,282184,138069
2015-05-03,UA,409215,186213
2015-05-03,US,251473,117122
2015-05-03,VX,40891,19594
2015-05-03,WN,496298,263522
2015-05-04,AA,432030,204681
2015-05-04,AS,96876,50536
2015-05-04,B6,155459,74360
2015-05-04,DL,512507,254088
2015-05-04,EV,300378,145674
2015-05-04,F9,35956,18474
2015-05-04,HA,36098,16937
2015-05-04,MQ,155588,74190
2015-05-04,NK,46929,22483
2015-05-04,OO,278447,139601
2015-05-04,UA,411948,197945
2015-05-04,US,253940,123226
2015-05-04,VX,36468,20482
2015-05-04,WN,464418,264647
2015-05-05,AA,423911,200158
2015-05-05,AS,98285,50368
2015-05-05,B6,151930,74470
2015-05-05,DL,519269,258110
2015-05-05,EV,294017,141633
2015-05-05,F9,31400,17195
2015-05-05,HA,34167,16216
2015-05-05,MQ,155848,74879
2015-05-05,NK,45704,23183
2015-05-05,OO,278761,139059
2015-05-05,UA,414412,192720
2015-05-05,US,248165,119572
2015-05-05,VX,37651,21005
2015-05-05,WN,466036,271378
2015-05-06,AA,422979,200888
2015-05-06,AS,98588,50155
2015-05-06,B6,150972,72813
2015-05-06,DL,527246,257689
2015-05-06,EV,284473,140569
2015-05-06,F9,36252,18250
2015-05-06,HA,31720,15460
2015-05-06,MQ,155488,74894
2015-05-06,NK,46319,23807
2015-05-06,OO,278169,137068
2015-05-06,UA,404733,196233
2015-05-06,US,256311,121195
2015-05-06,VX,38414,20732
2015-05-06,WN,480404,263380
2015-05-07,AA,418129,193400
2015-05-07,AS,97364,50202
2015-05-07,B6,157702,75810
2015-05-07,DL,522021,255103
2015-05-07,EV,283674,141238
2015-05-07,F9,35703,18432
2015-05-07,HA,32541,16031
2015-05-07,MQ,151210,72233
2015-05-07,NK,49226,23950
2015-05-07,OO,276744,136415
2015-05-07,UA,394544,193002
2015-05-07,US,243213,117118
2015-05-07,VX,36122,20148
2015-05-07,WN,462246,262399
2015-05-08,AA,411433,194302
2015-05-08,AS,97809,50511
2015-05-08,B6,150391,70993
2015-05-08,DL,519196,257168
2015-05-08,EV,290773,144530
2015-05-08,F9,38139,19482
2015-05-08,HA,34042,16709
2015-05-08,MQ,157475,73545
2015-05-08,NK,48535,22594
2015-05-08,OO,271234,135171
2015-05-08,UA,401165,194335
2015-05-08,US,237988,117155
2015-05-08,VX,35818,20001
2015-05-08,WN,465831,270950
2015-05-09,AA,419533,192396
2015-05-09,AS,98452,49954
2015-05-09,B6,156707,75941
2015-05-09,DL,550632,249202
2015-05-09,EV,318757,139219
2015-05-09,F9,36762,17541
2015-05-09,HA,34254,17001
2015-05-09,MQ,150011,65940
2015-05-09,NK,48696,24416
2015-05-09,OO,304531,136523
2015-05-09,UA,434623,194693
2015-05-09,US,253371,116443
2015-05-09,VX,42956,22720
2015-05-09,WN,520757,283056
2015-05-10,AA,410615,174565
2015-05-10,AS,98678,50620
2015-05-10,B6,152634,72014
2015-05-10,DL,541074,251300
2015-05-10,EV,306039,140162
2015-05-10,F9,37146,18743
2015-05-10,HA,33858,16395
2015-05-10,MQ,162010,69168
2015-05-10,NK,54572,23378
2015-05-10,OO,283209,135485
2015-05-10,UA,410936,187407
2015-05-10,US,251081,117087
2015-05-10,VX,39857,19648
2015-05-10,WN,496338,261048
2015-05-11,AA,422131,197057
2015-05-11,AS,95793,50641
2015-05-11,B6,149021,71432
2015-05-11,DL,523214,256703
2015-05-11,EV,289241,138463
2015-05-11,F9,35426,17833
2015-05-11,HA,33156,15990
2015-05-11,MQ,151819,72412
2015-05-11,NK,49421,22235
2015-05-11,OO,274574,135549
2015-05-11,UA,407050,193289
2015-05-11,US,243696,119389
2015-05-11,VX,36833,21137
2015-05-11,WN,458876,262058
2015-05-12,AA,400678,192719
2015-05-12,AS,101598,51443
2015-05-12,B6,152565,73165
2015-05-12,DL,523709,259933
2015-05-12,EV,286040,142040
2015-05-12,F9,34068,19040
2015-05-12,HA,33026,15773
2015-05-12,MQ,152040,72627
2015-05-12,NK,46944,23668
2015-05-12,OO,272150,134982
2015-05-12,UA,401850,196283
2015-05-12,US,250071,120923
2015-05-12,VX,39309,21307
2015-05-12,WN,471360,266775
2015-05-13,AA,402456,189521
2015-05-13,AS,95995,50141
2015-05-13,B6,150311,72773
2015-05-13,DL,524917,256227
2015-05-13,EV,287422,142551
2015-05-13,F9,38500,19341
2015-05-13,HA,30236,15040
2015-05-13,MQ,147636,71632
2015-05-13,NK,47561,23545
2015-05-13,OO,274941,135852
2015-05-13,UA,400209,194897
2015-05-13,US,243595,118251
2015-05-13,VX,38247,20632
2015-05-13,WN,462865,266533
2015-05-14,AA,407571,194035
2015-05-14,AS,98367,50607
2015-05-14,B6,152963,73652
2015-05-14,DL,525377,257253
2015-05-14,EV,282956,142268
2015-05-14,F9,35014,18051
2015-05-14,HA,31248,15669
2015-05-14,MQ,151390,73001
2015-05-14,NK,46375,23450
2015-05-14,OO,273468,135736
2015-05-14,UA,408101,196542
2015-05-14,US,246356,115655
2015-05-14,VX,37918,20982
2015-05-14,WN,467806,264095
2015-05-15,AA,417426,199239
2015-05-15,AS,98976,50725
2015-05-15,B6,149110,72796
2015-05-15,DL,512322,255271
2015-05-15,EV,277926,142749
2015-05-15,F9,34741,18985
2015-05-15,HA,34292,16632
2015-05-15,MQ,152827,74377
2015-05-15,NK,49161,24004
2015-05-15,OO,271045,137057
2015-05-15,UA,400959,193704
2015-05-15,US,246049,120213
2015-05-15,VX,37733,20723
2015-05-15,WN,456616,276300
2015-05-16,AA,412581,188785
2015-05-16,AS,101697,51149
2015-05-16,B6,155304,71902
2015-05-16,DL,548607,250424
2015-05-16,EV,306237,134730
2015-05-16,F9,36668,17720
2015-05-16,HA,35753,17437
2015-05-16,MQ,149010,66060
2015-05-16,NK,46632,23809
2015-05-16,OO,291264,133991
2015-05-16,UA,429449,193097
2015-05-16,US,250572,115299
2015-05-16,VX,42903,22551
2015-05-16,WN,526771,284404
2015-05-17,AA,410676,194153
2015-05-17,AS,95202,49641
2015-05-17,B6,149886,72020
2015-05-17,DL,532714,254261
2015-05-17,EV,294509,139063
2015-05-17,F9,35033,17542
2015-05-17,HA,34141,16469
2015-05-17,MQ,158558,73920
2015-05-17,NK,46630,22956
2015-05-17,OO,279255,136576
2015-05-17,UA,411347,186533
2015-05-17,US,251403,114600
2015-05-17,VX,39920,19814
2015-05-17,WN,499881,263101
2015-05-18,AA,424875,196189
2015-05-18,AS,97196,50619
2015-05-18,B6,155985,68393
2015-05-18,DL,518430,244145
2015-05-18,EV,284583,139243
2015-05-18,F9,34638,15445
2015-05-18,HA,37328,17306
2015-05-18,MQ,157281,72675
2015-05-18,NK,51286,23210
2015-05-18,OO,274955,136372
2015-05-18,UA,395775,188133
2015-05-18,US,248019,117088
2015-05-18,VX,36678,19078
2015-05-18,WN,473704,257734
2015-05-19,AA,408112,196810
2015-05-19,AS,95541,49790
2015-05-19,B6,149070,72256
2015-05-19,DL,516445,260735
2015-05-19,EV,288495,142310
2015-05-19,F9,31137,18061
2015-05-19,HA,34268,16585
2015-05-19,MQ,154095,73311
2015-05-19,NK,49600,23638
2015-05-19,OO,280369,137613
2015-05-19,UA,402278,196767
2015-05-19,US,239616,118822
2015-05-19,VX,38210,20319
2015-05-19,WN,454516,260474
2015-05-20,AA,412497,194515
2015-05-20,AS,96279,50340
2015-05-20,B6,156339,74475
2015-05-20,DL,520984,254185
2015-05-20,EV,285678,141759
2015-05-20,F9,37206,18216
2015-05-20,HA,36328,17392
2015-05-20,MQ,150865,73567
2015-05-20,NK,47276,23851
2015-05-20,OO,283194,137673
2015-05-20,UA,404938,194478
2015-05-20,US,243330,115409
2015-05-20,VX,39603,20951
2015-05-20,WN,460669,262236
2015-05-21,AA,402159,187611
2015-05-21,AS,97101,49634
2015-05-21,B6,148345,70098
2015-05-21,DL,518279,254096
2015-05-21,EV,278787,139129
2015-05-21,F9,37086,19326
2015-05-21,HA,32832,16711
2015-05-21,MQ,152200,72246
2015-05-21,NK,46669,23577
2015-05-21,OO,282283,138512
2015-05-21,UA,386025,186957
2015-05-21,US,240913,112347
2015-05-21,VX,37705,20205
2015-05-21,WN,461312,263739
2015-05-22,AA,393231,192747
2015-05-22,AS,95927,50103
2015-05-22,B6,149184,71837
2015-05-22,DL,516673,257721
2015-05-22,EV,279676,143292
2015-05-22,F9,33175,17993
2015-05-22,HA,36832,18094
2015-05-22,MQ,151123,73838
2015-05-22,NK,47838,23326
2015-05-22,OO,281384,139763
2015-05-22,UA,396537,195602
2015-05-22,US,237174,116316
2015-05-22,VX,37053,20488
2015-05-22,WN,459726,279725
2015-05-23,AA,425207,194497
2015-05-23,AS,101647,52423
2015-05-23,B6,162344,74490
2015-05-23,DL,568222,258114
2015-05-23,EV,303193,132828
2015-05-23,F9,41076,18407
2015-05-23,HA,40344,19350
2015-05-23,MQ,155152,67346
2015-05-23,NK,48408,23926
2015-05-23,OO,306754,139691
2015-05-23,UA,434843,195201
2015-05-23,US,254249,119502
2015-05-23,VX,45625,23428
2015-05-23,WN,551816,292413
2015-05-24,AA,409358,190958
2015-05-24,AS,97833,49587
2015-05-24,B6,154837,72115
2015-05-24,DL,570637,253118
2015-05-24,EV,314860,132855
2015-05-24,F9,36915,17953
2015-05-24,HA,38641,18322
2015-05-24,MQ,157272,70044
2015-05-24,NK,51478,24226
2015-05-24,OO,291608,132178
2015-05-24,UA,432519,191048
2015-05-24,US,258064,115604
2015-05-24,VX,42160,21485
2015-05-24,WN,546580,279893
2015-05-25,AA,418974,188533
2015-05-25,AS,98811,52216
2015-05-25,B6,153504,71872
2015-05-25,DL,534431,246498
2015-05-25,EV,308530,139595
2015-05-25,F9,40348,19054
2015-05-25,HA,36899,17648
2015-05-25,MQ,162484,70632
2015-05-25,NK,52506,25187
2015-05-25,OO,283310,135805
2015-05-25,UA,419790,190949
2015-05-25,US,245629,115832
2015-05-25,VX,41189,20550
2015-05-25,WN,512033,259927
2015-05-26,AA,409053,192726
2015-05-26,AS,99410,51252
2015-05-26,B6,152056,72563
2015-05-26,DL,535687,244373
2015-05-26,EV,298864,142985
2015-05-26,F9,34391,19001
2015-05-26,HA,36877,18002
2015-05-26,MQ,150798,71665
2015-05-26,NK,52568,24389
2015-05-26,OO,275243,136356
2015-05-26,UA,400847,194957
2015-05-26,US,242561,118265
2015-05-26,VX,38395,21151
2015-05-26,WN,484824,255548
2015-05-27,AA,404655,188898
2015-05-27,AS,97156,50320
2015-05-27,B6,154921,68391
2015-05-27,DL,520657,253162
2015-05-27,EV,300056,140014
2015-05-27,F9,35832,17868
2015-05-27,HA,36450,17703
2015-05-27,MQ,145230,68387
2015-05-27,NK,54071,23624
2015-05-27,OO,289037,139371
2015-05-27,UA,403599,183972
2015-05-27,US,236661,114446
2015-05-27,VX,38922,20174
2015-05-27,WN,468529,259725
2015-05-28,AA,396809,192197
2015-05-28,AS,96180,50320
2015-05-28,B6,148173,71730
2015-05-28,DL,513115,252769
2015-05-28,EV,283674,140431
2015-05-28,F9,33628,18424
2015-05-28,HA,36251,18049
2015-05-28,MQ,147550,71884
2015-05-28,NK,50790,23367
2015-05-28,OO,276562,136954
2015-05-28,UA,394054,193868
2015-05-28,US,244202,119039
2015-05-28,VX,37144,20677
2015-05-28,WN,463501,265770
2015-05-29,AA,403484,194807
2015-05-29,AS,99257,51134
2015-05-29,B6,149105,71107
2015-05-29,DL,529758,262656
2015-05-29,EV,289056,146037
2015-05-29,F9,35225,18857
2015-05-29,HA,36677,18133
2015-05-29,MQ,147798,73118
2015-05-29,NK,49455,22450
2015-05-29,OO,281244,139749
2015-05-29,UA,399328,194890
2015-05-29,US,246559,119409
2015-05-29,VX,37791,21225
2015-05-29,WN,469036,280518
2015-05-30,AA,428342,195349
2015-05-30,AS,99931,51325
2015-05-30,B6,155563,71667
2015-05-30,DL,553383,253188
2015-05-30,EV,294533,130317
2015-05-30,F9,40388,18314
2015-05-30,HA,38185,18711
2015-05-30,MQ,143124,64358
2015-05-30,NK,50106,24506
2015-05-30,OO,300775,135738
2015-05-30,UA,423608,187438
2015-05-30,US,256100,116057
2015-05-30,VX,43903,22470
2015-05-30,WN,540058,285406
2015-05-31,AA,411563,188123
2015-05-31,AS,98981,50603
2015-05-31,B6,162337,65256
2015-05-31,DL,548537,244932
2015-05-31,EV,306319,139594
2015-05-31,F9,36832,17798
2015-05-31,HA,37692,18251
2015-05-31,MQ,155287,70994
2015-05-31,NK,48608,21843
2015-05-31,OO,276458,135240
2015-05-31,UA,420618,177412
2015-05-31,US,255631,116304
2015-05-31,VX,43113,18700
2015-05-31,WN,506334,258431
2015-06-01,AA,415191,195497
2015-06-01,AS,97132,51453
2015-06-01,B6,147821,65013
2015-06-01,DL,514704,253890
2015-06-01,EV,291296,139928
2015-06-01,F9,34810,16643
2015-06-01,HA,34157,16818
2015-06-01,MQ,145139,68787
2015-06-01,NK,49931,22972
2015-06-01,OO,279784,138233
2015-06-01,UA,399815,187127
2015-06-01,US,242429,116320
2015-06-01,VX,37117,19780
2015-06-01,WN,486053,262686
2015-06-02,AA,402621,194236
2015-06-02,AS,98703,51211
2015-06-02,B6,149534,72025
2015-06-02,DL,528755,261435
2015-06-02,EV,289468,139656
2015-06-02,F9,38040,19520
2015-06-02,HA,36749,17536
2015-06-02,MQ,147725,70362
2015-06-02,NK,50509,23727
2015-06-02,OO,281578,137763
2015-06-02,UA,397374,192960
2015-06-02,US,242668,119076
2015-06-02,VX,37536,21236
2015-06-02,WN,469174,264164
2015-06-03,AA,410838,193146
2015-06-03,AS,98535,51293
2015-06-03,B6,145946,70926
2015-06-03,DL,530288,259432
2015-06-03,EV,284616,140006
2015-06-03,F9,36452,18247
2015-06-03,HA,38647,18342
2015-06-03,MQ,147737,69915
2015-06-03,NK,49443,24377
2015-06-03,OO,282028,137772
2015-06-03,UA,410060,197014
2015-06-03,US,242593,118280
2015-06-03,VX,39101,21674
2015-06-03,WN,470440,268733
2015-06-04,AA,415316,197272
2015-06-04,AS,97812,51440
2015-06-04,B6,153329,72211
2015-06-04,DL,518683,256900
2015-06-04,EV,287338,139956
2015-06-04,F9,36626,18489
2015-06-04,HA,39662,18925
2015-06-04,MQ,144918,69459
2015-06-04,NK,47052,23180
2015-06-04,OO,276316,137404
2015-06-04,UA,398359,189104
2015-06-04,US,241189,112515
2015-06-04,VX,36596,20782
2015-06-04,WN,471051,266811
2015-06-05,AA,410044,195729
2015-06-05,AS,97342,50696
2015-06-05,B6,151958,71924
2015-06-05,DL,522461,260607
2015-06-05,EV,279736,140058
2015-06-05,F9,38442,19706
2015-06-05,HA,33829,17183
2015-06-05,MQ,141711,69044
2015-06-05,NK,50234,24113
2015-06-05,OO,268536,135207
2015-06-05,UA,382952,183666
2015-06-05,US,237476,118420
2015-06-05,VX,38877,21857
2015-06-05,WN,469861,281296
2015-06-06,AA,416149,193906
2015-06-06,AS,104638,52869
2015-06-06,B6,160558,74732
2015-06-06,DL,553659,255912
2015-06-06,EV,298842,135315
2015-06-06,F9,39640,18998
2015-06-06,HA,39414,19259
2015-06-06,MQ,138573,64617
2015-06-06,NK,50992,24313
2015-06-06,OO,284740,135618
2015-06-06,UA,432171,190467
2015-06-06,US,251834,112221
2015-06-06,VX,43416,22290
2015-06-06,WN,537106,279433
2015-06-07,AA,403998,191819
2015-06-07,AS,99817,51715
2015-06-07,B6,153255,72077
2015-06-07,DL,528643,254245
2015-06-07,EV,294769,138362
2015-06-07,F9,37754,18264
2015-06-07,HA,42106,19765
2015-06-07,MQ,141567,66135
2015-06-07,NK,49728,22486
2015-06-07,OO,277806,133589
2015-06-07,UA,409365,184896
2015-06-07,US,244187,111275
2015-06-07,VX,41105,21215
2015-06-07,WN,481231,258108
2015-06-08,AA,397621,189131
2015-06-08,AS,96899,50424
2015-06-08,B6,153450,68963
2015-06-08,DL,516603,255147
2015-06-08,EV,289937,135537
2015-06-08,F9,37375,18273
2015-06-08,HA,38010,18230
2015-06-08,MQ,147002,67331
2015-06-08,NK,49754,23693
2015-06-08,OO,275052,133990
2015-06-08,UA,395203,181902
2015-06-08,US,237420,113769
2015-06-08,VX,36764,20167
2015-06-08,WN,475687,254968
2015-06-09,AA,413357,197193
2015-06-09,AS,97883,51515
2015-06-09,B6,149869,71845
2015-06-09,DL,533842,249861
2015-06-09,EV,294769,137770
2015-06-09,F9,35319,18421
2015-06-09,HA,35703,17544
2015-06-09,MQ,138965,66720
2015-06-09,NK,46687,22903
2015-06-09,OO,274400,135610
2015-06-09,UA,387829,186422
2015-06-09,US,242844,118170
2015-06-09,VX,36381,21114
2015-06-09,WN,465513,254623
2015-06-10,AA,401282,192289
2015-06-10,AS,98400,51511
2015-06-10,B6,151200,72462
2015-06-10,DL,527294,263899
2015-06-10,EV,279356,136725
2015-06-10,F9,40160,18659
2015-06-10,HA,38168,18342
2015-06-10,MQ,139487,66650
2015-06-10,NK,48636,23581
2015-06-10,OO,272768,135515
2015-06-10,UA,395397,189366
2015-06-10,US,247795,116641
2015-06-10,VX,38215,21153
2015-06-10,WN,461345,254052
2015-06-11,AA,401198,192661
2015-06-11,AS,94721,50064
2015-06-11,B6,152186,71779
2015-06-11,DL,515304,255638
2015-06-11,EV,285639,139253
2015-06-11,F9,35804,15874
2015-06-11,HA,33799,16863
2015-06-11,MQ,136756,65825
2015-06-11,NK,48854,23869
2015-06-11,OO,273996,134399
2015-06-11,UA,394646,186524
2015-06-11,US,239757,113539
2015-06-11,VX,38384,21021
2015-06-11,WN,461599,254484
2015-06-12,AA,417927,199211
2015-06-12,AS,92677,48646
2015-06-12,B6,150954,69346
2015-06-12,DL,511701,257344
2015-06-12,EV,278952,139521
2015-06-12,F9,34035,17478
2015-06-12,HA,37549,18370
2015-06-12,MQ,139645,66755
2015-06-12,NK,48932,22750
2015-06-12,OO,275708,136322
2015-06-12,UA,388603,184484
2015-06-12,US,239534,114325
2015-06-12,VX,38004,21057
2015-06-12,WN,452087,263424
2015-06-13,AA,419515,193617
2015-06-13,AS,95631,49465
2015-06-13,B6,160719,74255
2015-06-13,DL,567529,260733
2015-06-13,EV,291253,134236
2015-06-13,F9,35927,17172
2015-06-13,HA,35972,18093
2015-06-13,MQ,135755,63878
2015-06-13,NK,50470,24087
2015-06-13,OO,287385,135370
2015-06-13,UA,425309,186571
2015-06-13,US,251872,111679
2015-06-13,VX,42057,21798
2015-06-13,WN,491537,273770
2015-06-14,AA,404613,188995
2015-06-14,AS,94775,49349
2015-06-14,B6,153014,67920
2015-06-14,DL,533248,252657
2015-06-14,EV,284636,135588
2015-06-14,F9,36770,17203
2015-06-14,HA,38386,18536
2015-06-14,MQ,137128,65906
2015-06-14,NK,53813,24068
2015-06-14,OO,269877,133908
2015-06-14,UA,410157,184117
2015-06-14,US,250957,109726
2015-06-14,VX,39804,20141
2015-06-14,WN,475496,257178
2015-06-15,AA,413654,191748
2015-06-15,AS,97041,51077
2015-06-15,B6,156235,68733
2015-06-15,DL,527935,255670
2015-06-15,EV,305783,138681
2015-06-15,F9,36626,17265
2015-06-15,HA,37310,17651
2015-06-15,MQ,148795,64150
2015-06-15,NK,55886,23692
2015-06-15,OO,286172,136037
2015-06-15,UA,411064,181850
2015-06-15,US,243007,114676
2015-06-15,VX,37278,19811
2015-06-15,WN,479984,255360
2015-06-16,AA,403911,193498
2015-06-16,AS,95568,50390
2015-06-16,B6,153161,70398
2015-06-16,DL,532541,263130
2015-06-16,EV,308164,141747
2015-06-16,F9,35209,19493
2015-06-16,HA,37257,18218
2015-06-16,MQ,143069,65722
2015-06-16,NK,58517,24162
2015-06-16,OO,277144,136869
2015-06-16,UA,399480,180621
2015-06-16,US,245892,115418
2015-06-16,VX,38179,20734
2015-06-16,WN,468833,260341
2015-06-17,AA,409404,188229
2015-06-17,AS,95748,50142
2015-06-17,B6,154445,73853
2015-06-17,DL,541152,263672
2015-06-17,EV,295822,136834
2015-06-17,F9,39041,17085
2015-06-17,HA,36277,17766
2015-06-17,MQ,141980,65782
2015-06-17,NK,59432,23068
2015-06-17,OO,274375,135348
2015-06-17,UA,392681,184248
2015-06-17,US,242212,114600
2015-06-17,VX,39193,20819
2015-06-17,WN,461554,259040
2015-06-18,AA,401864,191025
2015-06-18,AS,96315,50205
2015-06-18,B6,146677,65699
2015-06-18,DL,517699,248581
2015-06-18,EV,279337,136022
2015-06-18,F9,33787,16455
2015-06-18,HA,37200,18202
2015-06-18,MQ,138085,66115
2015-06-18,NK,53164,20430
2015-06-18,OO,278579,138742
2015-06-18,UA,397348,183222
2015-06-18,US,240494,109462
2015-06-18,VX,34723,19787
2015-06-18,WN,459756,251593
2015-06-19,AA,413720,196781
2015-06-19,AS,94770,48915
2015-06-19,B6,147856,66758
2015-06-19,DL,520162,260389
2015-06-19,EV,286955,142814
2015-06-19,F9,34480,17464
2015-06-19,HA,37179,18336
2015-06-19,MQ,132105,66198
2015-06-19,NK,52402,23607
2015-06-19,OO,274977,138277
2015-06-19,UA,391800,185347
2015-06-19,US,236503,112483
2015-06-19,VX,37247,21121
2015-06-19,WN,463161,261863
2015-06-20,AA,417934,190345
2015-06-20,AS,99966,49648
2015-06-20,B6,154021,66933
2015-06-20,DL,564504,260411
2015-06-20,EV,292494,133726
2015-06-20,F9,40091,17667
2015-06-20,HA,35866,18064
2015-06-20,MQ,134026,61723
2015-06-20,NK,52701,23542
2015-06-20,OO,298590,138169
2015-06-20,UA,424432,181011
2015-06-20,US,248936,110738
2015-06-20,VX,41308,21549
2015-06-20,WN,495197,272858
2015-06-21,AA,409084,194734
2015-06-21,AS,97140,51021
2015-06-21,B6,150225,68634
2015-06-21,DL,541733,256642
2015-06-21,EV,287267,136178
2015-06-21,F9,32568,17106
2015-06-21,HA,40044,18904
2015-06-21,MQ,141633,67012
2015-06-21,NK,51505,24925
2015-06-21,OO,280508,137679
2015-06-21,UA,415861,186728
2015-06-21,US,249944,113609
2015-06-21,VX,39427,20564
2015-06-21,WN,487281,257414
2015-06-22,AA,399946,193491
2015-06-22,AS,96559,50698
2015-06-22,B6,137917,66297
2015-06-22,DL,531309,263165
2015-06-22,EV,292020,139464
2015-06-22,F9,36020,17846
2015-06-22,HA,40367,18878
2015-06-22,MQ,150130,66212
2015-06-22,NK,50992,22041
2015-06-22,OO,282663,136677
2015-06-22,UA,383277,182573
2015-06-22,US,246488,115703
2015-06-22,VX,38966,21765
2015-06-22,WN,474989,263393
2015-06-23,AA,416881,194859
2015-06-23,AS,97860,50997
2015-06-23,B6,151007,61915
2015-06-23,DL,533608,258078
2015-06-23,EV,299325,138841
2015-06-23,F9,34787,17319
2015-06-23,HA,37913,18256
2015-06-23,MQ,141024,66525
2015-06-23,NK,48528,24195
2015-06-23,OO,274222,135049
2015-06-23,UA,400442,181303
2015-06-23,US,250304,111372
2015-06-23,VX,39475,19170
2015-06-23,WN,480495,250849
2015-06-24,AA,411186,197799
2015-06-24,AS,95995,49795
2015-06-24,B6,149486,70571
2015-06-24,DL,549534,247572
2015-06-24,EV,290372,138402
2015-06-24,F9,39210,18264
2015-06-24,HA,36880,17784
2015-06-24,MQ,136041,66339
2015-06-24,NK,53470,24620
2015-06-24,OO,274668,135502
2015-06-24,UA,397381,189886
2015-06-24,US,243093,114933
2015-06-24,VX,38411,21957
2015-06-24,WN,461523,253023
2015-06-25,AA,409469,194711
2015-06-25,AS,93194,48952
2015-06-25,B6,150925,66993
2015-06-25,DL,519703,257775
2015-06-25,EV,281966,138431
2015-06-25,F9,37971,19050
2015-06-25,HA,38597,18641
2015-06-25,MQ,131705,65773
2015-06-25,NK,49291,22768
2015-06-25,OO,272941,135643
2015-06-25,UA,402117,190165
2015-06-25,US,245067,113976
2015-06-25,VX,39636,21561
2015-06-25,WN,465746,254064
2015-06-26,AA,408553,189418
2015-06-26,AS,94652,48505
2015-06-26,B6,144620,67413
2015-06-26,DL,521223,261124
2015-06-26,EV,283499,142237
2015-06-26,F9,37829,18074
2015-06-26,HA,35015,17399
2015-06-26,MQ,134114,66054
2015-06-26,NK,46587,21934
2015-06-26,OO,272852,136182
2015-06-26,UA,390045,186838
2015-06-26,US,237543,111710
2015-06-26,VX,36949,20753
2015-06-26,WN,459766,261389
2015-06-27,AA,420453,194697
2015-06-27,AS,95021,49493
2015-06-27,B6,154791,69293
2015-06-27,DL,560533,259573
2015-06-27,EV,288719,134122
2015-06-27,F9,35338,17096
2015-06-27,HA,40031,19521
2015-06-27,MQ,140151,64572
2015-06-27,NK,49075,23853
2015-06-27,OO,288253,137398
2015-06-27,UA,441324,191964
2015-06-27,US,240142,107960
2015-06-27,VX,42387,22180
2015-06-27,WN,482369,269287
2015-06-28,AA,425299,197080
2015-06-28,AS,99184,51044
2015-06-28,B6,144033,65974
2015-06-28,DL,560394,265053
2015-06-28,EV,301603,141291
2015-06-28,F9,35752,18430
2015-06-28,HA,37388,17630
2015-06-28,MQ,139757,66984
2015-06-28,NK,50678,24299
2015-06-28,OO,293190,139604
2015-06-28,UA,423786,191970
2015-06-28,US,244873,111588
2015-06-28,VX,40623,21057
2015-06-28,WN,472950,257572
2015-06-29,AA,405904,196701
2015-06-29,AS,97427,51437
2015-06-29,B6,151982,71642
2015-06-29,DL,555095,267829
2015-06-29,EV,293379,140883
2015-06-29,F9,35096,18194
2015-06-29,HA,38413,18463
2015-06-29,MQ,136613,67152
2015-06-29,NK,50317,24433
2015-06-29,OO,289620,140431
2015-06-29,UA,395072,189676
2015-06-29,US,244482,114794
2015-06-29,VX,38837,21790
2015-06-29,WN,463136,264901
2015-06-30,AA,425004,201640
2015-06-30,AS,96026,50629
2015-06-30,B6,147419,68203
2015-06-30,DL,559614,266793
2015-06-30,EV,289751,135429
2015-06-30,F9,38104,19218
2015-06-30,HA,37893,18189
2015-06-30,MQ,139193,66153
2015-06-30,NK,50959,24053
2015-06-30,OO,295786,137424
2015-06-30,UA,401016,182637
2015-06-30,US,240533,110413
2015-06-30,VX,39269,21662
2015-06-30,WN,467415,257499
2015-07-01,AA,648406,309061
2015-07-01,AS,97095,50490
2015-07-01,B6,142193,67461
2015-07-01,DL,543911,255921
2015-07-01,EV,292491,135648
2015-07-01,F9,37462,17584
2015-07-01,HA,37932,18183
2015-07-01,MQ,142669,68639
2015-07-01,NK,49868,23223
2015-07-01,OO,287134,139619
2015-07-01,UA,412845,190562
2015-07-01,US,6140,2216
2015-07-01,VX,39657,21671
2015-07-01,WN,467879,255404
2015-07-02,AA,658020,313914
2015-07-02,AS,99887,51621
2015-07-02,B6,153020,70443
2015-07-02,DL,526592,262702
2015-07-02,EV,282898,140166
2015-07-02,F9,37508,18726
2015-07-02,HA,37050,18048
2015-07-02,MQ,137334,66966
2015-07-02,NK,48675,24048
2015-07-02,OO,281165,140240
2015-07-02,UA,407425,193889
2015-07-02,VX,37304,21324
2015-07-02,WN,459978,257469
2015-07-03,AA,667920,316408
2015-07-03,AS,97180,50159
2015-07-03,B6,146434,69123
2015-07-03,DL,587700,267157
2015-07-03,EV,318633,135902
2015-07-03,F9,38601,20153
2015-07-03,HA,36117,17959
2015-07-03,MQ,140126,66886
2015-07-03,NK,50390,24906
2015-07-03,OO,303375,136314
2015-07-03,UA,442904,200022
2015-07-03,VX,43765,24942
2015-07-03,WN,482695,290197
2015-07-04,AA,705434,315284
2015-07-04,AS,98127,51152
2015-07-04,B6,154746,71611
2015-07-04,DL,590322,256811
2015-07-04,EV,312081,133334
2015-07-04,F9,40386,18455
2015-07-04,HA,37985,18556
2015-07-04,MQ,141405,62581
2015-07-04,NK,50250,25120
2015-07-04,OO,311229,137592
2015-07-04,UA,430711,183547
2015-07-04,VX,49129,21961
2015-07-04,WN,548017,277100
2015-07-05,AA,684369,308949
2015-07-05,AS,99847,50690
2015-07-05,B6,148319,68507
2015-07-05,DL,537960,255916
2015-07-05,EV,293574,139451
2015-07-05,F9,39568,19150
2015-07-05,HA,40029,19101
2015-07-05,MQ,143020,66719
2015-07-05,NK,50842,24093
2015-07-05,OO,278096,138013
2015-07-05,UA,418437,186562
2015-07-05,VX,41512,21031
2015-07-05,WN,493364,260886
2015-07-06,AA,641933,307760
2015-07-06,AS,98366,50731
2015-07-06,B6,150692,69949
2015-07-06,DL,520438,261120
2015-07-06,EV,285548,137832
2015-07-06,F9,35334,16150
2015-07-06,HA,39174,18422
2015-07-06,MQ,133021,62429
2015-07-06,NK,49762,22826
2015-07-06,OO,269589,136540
2015-07-06,UA,402596,189577
2015-07-06,VX,37063,21007
2015-07-06,WN,469111,256876
2015-07-07,AA,645447,312416
2015-07-07,AS,96205,51799
2015-07-07,B6,147705,68852
2015-07-07,DL,536032,266959
2015-07-07,EV,296927,141857
2015-07-07,F9,31979,17904
2015-07-07,HA,37834,18326
2015-07-07,MQ,136654,65454
2015-07-07,NK,49463,24577
2015-07-07,OO,270658,136751
2015-07-07,UA,408796,197168
2015-07-07,VX,38307,21536
2015-07-07,WN,460139,261495
2015-07-08,AA,649021,305349
2015-07-08,AS,100217,51381
2015-07-08,B6,147959,68188
2015-07-08,DL,528522,259161
2015-07-08,EV,283349,135191
2015-07-08,F9,36405,17906
2015-07-08,HA,39033,18334
2015-07-08,MQ,135935,64906
2015-07-08,NK,49961,23919
2015-07-08,OO,272186,136013
2015-07-08,UA,422620,180838
2015-07-08,VX,39736,21177
2015-07-08,WN,465647,256274
2015-07-09,AA,658965,310117
2015-07-09,AS,98124,50804
2015-07-09,B6,154095,66769
2015-07-09,DL,528560,258744
2015-07-09,EV,289643,139668
2015-07-09,F9,36091,17281
2015-07-09,HA,38663,18674
2015-07-09,MQ,135905,65384
2015-07-09,NK,50376,24364
2015-07-09,OO,283654,138148
2015-07-09,UA,405460,192142
2015-07-09,VX,38894,20575
2015-07-09,WN,455467,258476
2015-07-10,AA,648119,311933
2015-07-10,AS,98888,51386
2015-07-10,B6,151691,71404
2015-07-10,DL,526986,263684
2015-07-10,EV,283907,142054
2015-07-10,F9,34616,18487
2015-07-10,HA,38734,18863
2015-07-10,MQ,136722,65849
2015-07-10,NK,50045,24563
2015-07-10,OO,278401,138298
2015-07-10,UA,402921,191101
2015-07-10,VX,38019,20968
2015-07-10,WN,460930,271900
2015-07-11,AA,664465,305209
2015-07-11,AS,100576,51705
2015-07-11,B6,160645,73502
2015-07-11,DL,571608,262181
2015-07-11,EV,307472,140746
2015-07-11,F9,37261,17681
2015-07-11,HA,34422,17565
2015-07-11,MQ,140459,63312
2015-07-11,NK,48583,24643
2015-07-11,OO,288693,138619
2015-07-11,UA,422666,187348
2015-07-11,VX,42413,22427
2015-07-11,WN,497444,279865
2015-07-12,AA,662419,308682
2015-07-12,AS,99987,51450
2015-07-12,B6,155499,71830
2015-07-12,DL,544055,259480
2015-07-12,EV,305697,145065
2015-07-12,F9,36563,17678
2015-07-12,HA,38535,18519
2015-07-12,MQ,137097,66523
2015-07-12,NK,50444,24644
2015-07-12,OO,271382,137599
2015-07-12,UA,417750,190022
2015-07-12,VX,38173,20320
2015-07-12,WN,485771,264635
2015-07-13,AA,664612,314343
2015-07-13,AS,95436,50909
2015-07-13,B6,146862,69490
2015-07-13,DL,526645,262690
2015-07-13,EV,289857,139445
2015-07-13,F9,36058,17909
2015-07-13,HA,37401,17951
2015-07-13,MQ,140131,63324
2015-07-13,NK,49098,22218
2015-07-13,OO,283045,140290
2015-07-13,UA,399822,187843
2015-07-13,VX,38544,21567
2015-07-13,WN,469687,254278
2015-07-14,AA,653016,310536
2015-07-14,AS,96830,51688
2015-07-14,B6,150171,66755
2015-07-14,DL,529021,252568
2015-07-14,EV,295487,139105
2015-07-14,F9,35923,18265
2015-07-14,HA,40668,19260
2015-07-14,MQ,138387,64635
2015-07-14,NK,48823,24375
2015-07-14,OO,275029,136623
2015-07-14,UA,410188,188530
2015-07-14,VX,36325,20410
2015-07-14,WN,470903,253449
2015-07-15,AA,651044,308966
2015-07-15,AS,96926,50544
2015-07-15,B6,148309,68283
2015-07-15,DL,516559,258981
2015-07-15,EV,296941,139558
2015-07-15,F9,36484,17319
2015-07-15,HA,37651,17419
2015-07-15,MQ,133800,62960
2015-07-15,NK,52312,22894
2015-07-15,OO,282856,140970
2015-07-15,UA,403843,191858
2015-07-15,VX,37386,20821
2015-07-15,WN,462506,256733
2015-07-16,AA,649265,306987
2015-07-16,AS,99495,51278
2015-07-16,B6,149146,70467
2015-07-16,DL,530067,259126
2015-07-16,EV,287516,140754
2015-07-16,F9,33404,17562
2015-07-16,HA,36986,18103
2015-07-16,MQ,132536,63653
2015-07-16,NK,48708,24466
2015-07-16,OO,271410,137467
2015-07-16,UA,408247,195421
2015-07-16,VX,37230,21203
2015-07-16,WN,465131,262212
2015-07-17,AA,651057,309921
2015-07-17,AS,97924,50528
2015-07-17,B6,152531,70318
2015-07-17,DL,536806,265281
2015-07-17,EV,289333,143550
2015-07-17,F9,36740,18466
2015-07-17,HA,36209,17934
2015-07-17,MQ,132736,64480
2015-07-17,NK,51874,24848
2015-07-17,OO,278081,139168
2015-07-17,UA,393353,187516
2015-07-17,VX,37155,21192
2015-07-17,WN,473467,271067
2015-07-18,AA,660656,295520
2015-07-18,AS,100821,50824
2015-07-18,B6,154592,70161
2015-07-18,DL,571364,257981
2015-07-18,EV,300667,136997
2015-07-18,F9,37213,17481
2015-07-18,HA,37818,18565
2015-07-18,MQ,128891,58998
2015-07-18,NK,52264,24093
2015-07-18,OO,294316,138706
2015-07-18,UA,418160,180747
2015-07-18,VX,41887,21746
2015-07-18,WN,496870,267274
2015-07-19,AA,649933,303339
2015-07-19,AS,94724,48572
2015-07-19,B6,146081,69099
2015-07-19,DL,542346,257946
2015-07-19,EV,294199,139923
2015-07-19,F9,35630,18239
2015-07-19,HA,37056,18108
2015-07-19,MQ,137517,64769
2015-07-19,NK,53509,25161
2015-07-19,OO,278444,137608
2015-07-19,UA,414305,186212
2015-07-19,VX,41201,20532
2015-07-19,WN,478667,257517
2015-07-20,AA,656497,314824
2015-07-20,AS,98005,50284
2015-07-20,B6,153662,71309
2015-07-20,DL,534242,265937
2015-07-20,EV,293149,143324
2015-07-20,F9,37734,18564
2015-07-20,HA,37897,17933
2015-07-20,MQ,135576,64072
2015-07-20,NK,51798,24964
2015-07-20,OO,283356,139841
2015-07-20,UA,410384,194517
2015-07-20,VX,39052,21947
2015-07-20,WN,471040,263756
2015-07-21,AA,655976,310316
2015-07-21,AS,95809,51378
2015-07-21,B6,160129,70189
2015-07-21,DL,528791,260483
2015-07-21,EV,289384,138296
2015-07-21,F9,35313,18405
2015-07-21,HA,36116,17736
2015-07-21,MQ,129295,61491
2015-07-21,NK,53677,24446
2015-07-21,OO,275731,137601
2015-07-21,UA,410385,188621
2015-07-21,VX,39640,20994
2015-07-21,WN,467888,262647
2015-07-22,AA,653939,310897
2015-07-22,AS,97855,51035
2015-07-22,B6,152528,71833
2015-07-22,DL,543202,262945
2015-07-22,EV,288402,138521
2015-07-22,F9,35910,17661
2015-07-22,HA,39960,18432
2015-07-22,MQ,132253,63386
2015-07-22,NK,50716,24807
2015-07-22,OO,285318,141647
2015-07-22,UA,413572,196167
2015-07-22,VX,39053,21800
2015-07-22,WN,467823,263625
2015-07-23,AA,643570,305021
2015-07-23,AS,98262,51311
2015-07-23,B6,147272,68171
2015-07-23,DL,521347,256374
2015-07-23,EV,281217,138486
2015-07-23,F9,36891,17646
2015-07-23,HA,38554,18767
2015-07-23,MQ,134054,63551
2015-07-23,NK,49387,24616
2015-07-23,OO,287477,140927
2015-07-23,UA,414019,196884
2015-07-23,VX,38635,21547
2015-07-23,WN,472672,263530
2015-07-24,AA,654368,313182
2015-07-24,AS,97307,50617
2015-07-24,B6,149662,69525
2015-07-24,DL,534454,262172
2015-07-24,EV,290589,142363
2015-07-24,F9,34109,18015
2015-07-24,HA,33344,16966
2015-07-24,MQ,129528,63781
2015-07-24,NK,49794,24018
2015-07-24,OO,276555,138897
2015-07-24,UA,405144,192442
2015-07-24,VX,37270,21381
2015-07-24,WN,466537,270577
2015-07-25,AA,673490,304399
2015-07-25,AS,101233,51578
2015-07-25,B6,154168,71334
2015-07-25,DL,587497,268432
2015-07-25,EV,295191,135704
2015-07-25,F9,33974,16898
2015-07-25,HA,38025,18481
2015-07-25,MQ,129850,59812
2015-07-25,NK,50982,25401
2015-07-25,OO,290690,139303
2015-07-25,UA,433516,189213
2015-07-25,VX,44757,22791
2015-07-25,WN,495416,280667
2015-07-26,AA,648233,300793
2015-07-26,AS,102491,52393
2015-07-26,B6,149865,69648
2015-07-26,DL,543052,260226
2015-07-26,EV,297010,139734
2015-07-26,F9,34392,18085
2015-07-26,HA,39835,19088
2015-07-26,MQ,133676,63424
2015-07-26,NK,50052,24450
2015-07-26,OO,277076,138975
2015-07-26,UA,416939,187828
2015-07-26,VX,41364,21097
2015-07-26,WN,489286,266004
2015-07-27,AA,640338,310088
2015-07-27,AS,99154,51801
2015-07-27,B6,147232,70299
2015-07-27,DL,534342,265280
2015-07-27,EV,285324,139479
2015-07-27,F9,34542,16841
2015-07-27,HA,36259,17313
2015-07-27,MQ,131024,62855
2015-07-27,NK,47852,24056
2015-07-27,OO,281126,140183
2015-07-27,UA,409280,195457
2015-07-27,VX,39124,21570
2015-07-27,WN,473510,269750
2015-07-28,AA,648937,310964
2015-07-28,AS,98280,51996
2015-07-28,B6,154379,72024
2015-07-28,DL,535337,266760
2015-07-28,EV,287414,139063
2015-07-28,F9,34391,17570
2015-07-28,HA,36075,17815
2015-07-28,MQ,137231,64751
2015-07-28,NK,51374,25204
2015-07-28,OO,281397,139063
2015-07-28,UA,408067,192646
2015-07-28,VX,39066,21796
2015-07-28,WN,482103,264253
2015-07-29,AA,654614,310470
2015-07-29,AS,99361,51708
2015-07-29,B6,151518,71002
2015-07-29,DL,533772,262978
2015-07-29,EV,280550,136216
2015-07-29,F9,38476,18391
2015-07-29,HA,34330,16798
2015-07-29,MQ,133778,63462
2015-07-29,NK,50212,23822
2015-07-29,OO,284993,142210
2015-07-29,UA,415987,198162
2015-07-29,VX,39812,21874
2015-07-29,WN,470030,261968
2015-07-30,AA,662068,305120
2015-07-30,AS,100007,50689
2015-07-30,B6,155692,64613
2015-07-30,DL,543472,258876
2015-07-30,EV,286826,136726
2015-07-30,F9,34711,17387
2015-07-30,HA,38510,18729
2015-07-30,MQ,137612,64034
2015-07-30,NK,49993,23368
2015-07-30,OO,281667,139570
2015-07-30,UA,415364,188673
2015-07-30,VX,39237,20591
2015-07-30,WN,465061,251869
2015-07-31,AA,653430,308679
2015-07-31,AS,97078,50063
2015-07-31,B6,144473,65790
2015-07-31,DL,545796,260576
2015-07-31,EV,279715,138904
2015-07-31,F9,35412,18806
2015-07-31,HA,37435,18276
2015-07-31,MQ,137520,65136
2015-07-31,NK,49154,22797
2015-07-31,OO,276101,138164
2015-07-31,UA,414425,195827
2015-07-31,VX,38076,21484
2015-07-31,WN,459357,266924
2015-08-01,AA,669157,302907
2015-08-01,AS,96789,50756
2015-08-01,B6,156146,69603
2015-08-01,DL,574455,263920
2015-08-01,EV,295361,134885
2015-08-01,F9,40070,17630
2015-08-01,HA,35942,18115
2015-08-01,MQ,132821,60415
2015-08-01,NK,51800,25035
2015-08-01,OO,289698,139649
2015-08-01,UA,440027,190222
2015-08-01,VX,43648,22186
2015-08-01,WN,507414,275796
2015-08-02,AA,685602,314409
2015-08-02,AS,102356,52333
2015-08-02,B6,145860,69288
2015-08-02,DL,550859,262411
2015-08-02,EV,300180,139338
2015-08-02,F9,33689,17967
2015-08-02,HA,39974,19102
2015-08-02,MQ,149509,64938
2015-08-02,NK,51836,22862
2015-08-02,OO,280402,138193
2015-08-02,UA,414424,187164
2015-08-02,VX,38970,20117
2015-08-02,WN,491392,265254
2015-08-03,AA,653958,311798
2015-08-03,AS,101276,52623
2015-08-03,B6,148213,68669
2015-08-03,DL,541579,267112
2015-08-03,EV,284464,137677
2015-08-03,F9,34448,17676
2015-08-03,HA,37712,17825
2015-08-03,MQ,131961,62170
2015-08-03,NK,49551,23967
2015-08-03,OO,272425,137640
2015-08-03,UA,414917,196685
2015-08-03,VX,36934,21054
2015-08-03,WN,474618,266062
2015-08-04,AA,654807,312960
2015-08-04,AS,102555,53838
2015-08-04,B6,151128,68728
2015-08-04,DL,533412,265069
2015-08-04,EV,282123,137239
2015-08-04,F9,34301,18139
2015-08-04,HA,38353,18699
2015-08-04,MQ,133414,63328
2015-08-04,NK,47806,22850
2015-08-04,OO,276294,138367
2015-08-04,UA,410856,194740
2015-08-04,VX,37322,20319
2015-08-04,WN,470431,264810
2015-08-05,AA,652565,312298
2015-08-05,AS,101055,51931
2015-08-05,B6,145722,68126
2015-08-05,DL,532895,262159
2015-08-05,EV,279026,134911
2015-08-05,F9,36291,18086
2015-08-05,HA,37634,18191
2015-08-05,MQ,136974,64363
2015-08-05,NK,49076,23905
2015-08-05,OO,281468,140378
2015-08-05,UA,416103,197775
2015-08-05,VX,36717,20126
2015-08-05,WN,467210,265419
2015-08-06,AA,645580,305694
2015-08-06,AS,97278,50880
2015-08-06,B6,144387,68571
2015-08-06,DL,512242,256199
2015-08-06,EV,270864,134121
2015-08-06,F9,35220,17968
2015-08-06,HA,38204,18780
2015-08-06,MQ,133541,63314
2015-08-06,NK,51179,24177
2015-08-06,OO,279056,140500
2015-08-06,UA,403545,194789
2015-08-06,VX,35429,19866
2015-08-06,WN,462710,259902
2015-08-07,AA,652938,310831
2015-08-07,AS,100425,51899
2015-08-07,B6,151687,69400
2015-08-07,DL,538877,264837
2015-08-07,EV,282541,140270
2015-08-07,F9,36592,18380
2015-08-07,HA,38696,18863
2015-08-07,MQ,134398,64714
2015-08-07,NK,50678,23983
2015-08-07,OO,282742,140111
2015-08-07,UA,401948,191889
2015-08-07,VX,36050,20055
2015-08-07,WN,453559,264477
2015-08-08,AA,674317,304450
2015-08-08,AS,100197,51609
2015-08-08,B6,153899,71269
2015-08-08,DL,584747,266182
2015-08-08,EV,291952,133275
2015-08-08,F9,36231,17902
2015-08-08,HA,37244,18637
2015-08-08,MQ,130955,59579
2015-08-08,NK,48852,24454
2015-08-08,OO,296435,143083
2015-08-08,UA,432252,191438
2015-08-08,VX,41758,21918
2015-08-08,WN,492976,287131
2015-08-09,AA,667497,311270
2015-08-09,AS,101397,51830
2015-08-09,B6,150338,68590
2015-08-09,DL,544717,260998
2015-08-09,EV,286673,136799
2015-08-09,F9,33727,16560
2015-08-09,HA,38385,18589
2015-08-09,MQ,138842,63790
2015-08-09,NK,51570,23208
2015-08-09,OO,274914,138779
2015-08-09,UA,425899,192952
2015-08-09,VX,41930,21152
2015-08-09,WN,516328,273677
2015-08-10,AA,658934,309724
2015-08-10,AS,100758,52506
2015-08-10,B6,146473,69997
2015-08-10,DL,546294,260065
2015-08-10,EV,288022,136525
2015-08-10,F9,34943,17591
2015-08-10,HA,37417,17984
2015-08-10,MQ,137828,62263
2015-08-10,NK,50978,22555
2015-08-10,OO,279841,139182
2015-08-10,UA,412816,194388
2015-08-10,VX,37858,21247
2015-08-10,WN,493046,271309
2015-08-11,AA,650988,308954
2015-08-11,AS,99228,52266
2015-08-11,B6,151858,67967
2015-08-11,DL,537850,265039
2015-08-11,EV,283702,133762
2015-08-11,F9,34418,16173
2015-08-11,HA,37494,18297
2015-08-11,MQ,130258,61231
2015-08-11,NK,50108,23542
2015-08-11,OO,282617,138880
2015-08-11,UA,412636,189068
2015-08-11,VX,36931,19975
2015-08-11,WN,493290,271648
2015-08-12,AA,650576,312535
2015-08-12,AS,101835,52628
2015-08-12,B6,152725,72196
2015-08-12,DL,539306,264992
2015-08-12,EV,283749,136028
2015-08-12,F9,34633,18290
2015-08-12,HA,35175,17280
2015-08-12,MQ,135133,63360
2015-08-12,NK,49080,23773
2015-08-12,OO,285690,140487
2015-08-12,UA,411138,196380
2015-08-12,VX,37274,20450
2015-08-12,WN,489439,278185
2015-08-13,AA,655927,311247
2015-08-13,AS,103233,52266
2015-08-13,B6,150167,69291
2015-08-13,DL,525042,259164
2015-08-13,EV,281928,137442
2015-08-13,F9,37619,18009
2015-08-13,HA,38441,18681
2015-08-13,MQ,134294,63490
2015-08-13,NK,51989,24597
2015-08-13,OO,270969,137536
2015-08-13,UA,416074,197081
2015-08-13,VX,36847,20131
2015-08-13,WN,498595,271543
2015-08-14,AA,661095,312701
2015-08-14,AS,100358,47836
2015-08-14,B6,148656,69780
2015-08-14,DL,545106,265456
2015-08-14,EV,275162,136545
2015-08-14,F9,34845,18508
2015-08-14,HA,35605,17893
2015-08-14,MQ,130143,62170
2015-08-14,NK,49694,23840
2015-08-14,OO,280762,140037
2015-08-14,UA,410132,189828
2015-08-14,VX,38316,21376
2015-08-14,WN,492398,283862
2015-08-15,AA,684266,304318
2015-08-15,AS,96819,50315
2015-08-15,B6,160550,68320
2015-08-15,DL,574007,262050
2015-08-15,EV,299590,135964
2015-08-15,F9,38683,17434
2015-08-15,HA,37408,18558
2015-08-15,MQ,139519,62306
2015-08-15,NK,53461,24553
2015-08-15,OO,299510,142387
2015-08-15,UA,434509,188637
2015-08-15,VX,44278,22246
2015-08-15,WN,581163,286110
2015-08-16,AA,668323,309865
2015-08-16,AS,101565,52093
2015-08-16,B6,150776,69657
2015-08-16,DL,547328,262060
2015-08-16,EV,281004,134677
2015-08-16,F9,35880,18622
2015-08-16,HA,37957,18537
2015-08-16,MQ,135492,63035
2015-08-16,NK,51660,24133
2015-08-16,OO,277703,138115
2015-08-16,UA,417355,188550
2015-08-16,VX,41205,20522
2015-08-16,WN,514076,276155
2015-08-17,AA,659598,315771
2015-08-17,AS,100025,51988
2015-08-17,B6,150396,71786
2015-08-17,DL,538818,259423
2015-08-17,EV,283908,135698
2015-08-17,F9,34861,16549
2015-08-17,HA,38621,18414
2015-08-17,MQ,134059,61919
2015-08-17,NK,51055,23094
2015-08-17,OO,278655,137266
2015-08-17,UA,414665,197438
2015-08-17,VX,36840,20917
2015-08-17,WN,496824,275298
2015-08-18,AA,647162,309170
2015-08-18,AS,98823,52886
2015-08-18,B6,156836,68702
2015-08-18,DL,533892,260950
2015-08-18,EV,283373,132462
2015-08-18,F9,32613,16998
2015-08-18,HA,36146,17743
2015-08-18,MQ,138215,62845
2015-08-18,NK,51027,24159
2015-08-18,OO,279555,136001
2015-08-18,UA,438707,209687
2015-08-18,VX,38407,21530
2015-08-18,WN,494170,273152
2015-08-19,AA,662815,312047
2015-08-19,AS,104696,53465
2015-08-19,B6,150003,70916
2015-08-19,DL,521722,260543
2015-08-19,EV,286040,134238
2015-08-19,F9,34886,18036
2015-08-19,HA,37173,18060
2015-08-19,MQ,135808,63083
2015-08-19,NK,52430,23839
2015-08-19,OO,280851,138315
2015-08-19,UA,429813,202835
2015-08-19,VX,38903,21783
2015-08-19,WN,495011,278751
2015-08-20,AA,643334,297174
2015-08-20,AS,101334,51603
2015-08-20,B6,153606,64355
2015-08-20,DL,543205,256541
2015-08-20,EV,288887,134717
2015-08-20,F9,37053,17571
2015-08-20,HA,35943,17788
2015-08-20,MQ,132994,61816
2015-08-20,NK,50424,23115
2015-08-20,OO,279634,138631
2015-08-20,UA,414895,191237
2015-08-20,VX,38738,19626
2015-08-20,WN,493704,269046
2015-08-21,AA,629116,308373
2015-08-21,AS,100257,51423
2015-08-21,B6,148887,70431
2015-08-21,DL,539264,269410
2015-08-21,EV,273655,135143
2015-08-21,F9,34073,18927
2015-08-21,HA,37430,18217
2015-08-21,MQ,134062,63939
2015-08-21,NK,51682,24602
2015-08-21,OO,279254,139624
2015-08-21,UA,415773,202575
2015-08-21,VX,36598,21317
2015-08-21,WN,495146,292258
2015-08-22,AA,672191,314761
2015-08-22,AS,104034,53267
2015-08-22,B6,154817,71095
2015-08-22,DL,586829,262619
2015-08-22,EV,292981,131793
2015-08-22,F9,35459,17924
2015-08-22,HA,38833,19105
2015-08-22,MQ,136561,60489
2015-08-22,NK,52320,25494
2015-08-22,OO,298674,139684
2015-08-22,UA,429338,190794
2015-08-22,VX,43435,22323
2015-08-22,WN,552089,286663
2015-08-23,AA,670101,311387
2015-08-23,AS,103252,52477
2015-08-23,B6,158938,73335
2015-08-23,DL,548767,262832
2015-08-23,EV,279448,131481
2015-08-23,F9,36417,17918
2015-08-23,HA,37222,18171
2015-08-23,MQ,135302,61711
2015-08-23,NK,53584,24644
2015-08-23,OO,289721,141280
2015-08-23,UA,424903,194123
2015-08-23,VX,40754,20699
2015-08-23,WN,517220,278923
2015-08-24,AA,649184,311414
2015-08-24,AS,99795,52607
2015-08-24,B6,149891,70301
2015-08-24,DL,539724,266764
2015-08-24,EV,272234,132604
2015-08-24,F9,33415,17856
2015-08-24,HA,31964,16141
2015-08-24,MQ,136017,63032
2015-08-24,NK,51169,24506
2015-08-24,OO,270287,135968
2015-08-24,UA,424682,204186
2015-08-24,VX,37643,21187
2015-08-24,WN,501722,278093
2015-08-25,AA,651710,313026
2015-08-25,AS,101447,51925
2015-08-25,B6,154835,70947
2015-08-25,DL,544425,267782
2015-08-25,EV,271191,129875
2015-08-25,F9,34876,17951
2015-08-25,HA,37659,18217
2015-08-25,MQ,133628,62514
2015-08-25,NK,51414,25238
2015-08-25,OO,286620,139012
2015-08-25,UA,436065,205521
2015-08-25,VX,38191,21849
2015-08-25,WN,498110,282269
2015-08-26,AA,646574,306597
2015-08-26,AS,104028,52789
2015-08-26,B6,155646,69255
2015-08-26,DL,534565,263540
2015-08-26,EV,281908,134779
2015-08-26,F9,34329,17663
2015-08-26,HA,37799,18021
2015-08-26,MQ,136147,63019
2015-08-26,NK,49631,23609
2015-08-26,OO,290628,142013
2015-08-26,UA,428706,203418
2015-08-26,VX,38897,21932
2015-08-26,WN,495406,277889
2015-08-27,AA,637302,308473
2015-08-27,AS,100809,52322
2015-08-27,B6,146360,71851
2015-08-27,DL,533692,264268
2015-08-27,EV,277732,135076
2015-08-27,F9,33671,17772
2015-08-27,HA,39331,18749
2015-08-27,MQ,136723,63874
2015-08-27,NK,48816,24881
2015-08-27,OO,275951,137896
2015-08-27,UA,412504,202075
2015-08-27,VX,38073,21263
2015-08-27,WN,486159,278603
2015-08-28,AA,649874,314455
2015-08-28,AS,102873,52621
2015-08-28,B6,152917,70159
2015-08-28,DL,543557,270661
2015-08-28,EV,274256,135943
2015-08-28,F9,33952,18442
2015-08-28,HA,38034,18439
2015-08-28,MQ,137077,64806
2015-08-28,NK,51018,25111
2015-08-28,OO,277970,140198
2015-08-28,UA,413671,200722
2015-08-28,VX,37676,21497
2015-08-28,WN,491157,291196
2015-08-29,AA,662499,314049
2015-08-29,AS,104062,53491
2015-08-29,B6,159273,73274
2015-08-29,DL,595117,265074
2015-08-29,EV,278978,125168
2015-08-29,F9,38490,18980
2015-08-29,HA,38233,18660
2015-08-29,MQ,129759,58649
2015-08-29,NK,51012,25276
2015-08-29,OO,308122,140124
2015-08-29,UA,423589,188497
2015-08-29,VX,42860,22303
2015-08-29,WN,550111,285334
2015-08-30,AA,673002,312103
2015-08-30,AS,105767,54184
2015-08-30,B6,150350,71419
2015-08-30,DL,560838,264829
2015-08-30,EV,281049,133081
2015-08-30,F9,33852,17295
2015-08-30,HA,37895,18076
2015-08-30,MQ,142147,65104
2015-08-30,NK,51810,25882
2015-08-30,OO,288398,140842
2015-08-30,UA,433710,198722
2015-08-30,VX,39149,20467
2015-08-30,WN,514034,278917
2015-08-31,AA,640030,310342
2015-08-31,AS,99161,52000
2015-08-31,B6,148358,70625
2015-08-31,DL,540987,269848
2015-08-31,EV,279871,134141
2015-08-31,F9,36696,18701
2015-08-31,HA,36523,17363
2015-08-31,MQ,139016,63922
2015-08-31,NK,52145,25610
2015-08-31,OO,278953,137660
2015-08-31,UA,422367,204602
2015-08-31,VX,38893,22176
2015-08-31,WN,496930,279830
2015-09-01,AA,659231,314808
2015-09-01,AS,101392,52873
2015-09-01,B6,154682,72285
2015-09-01,DL,553645,271270
2015-09-01,EV,282111,132485
2015-09-01,F9,35515,17781
2015-09-01,HA,33740,16781
2015-09-01,MQ,132006,60870
2015-09-01,NK,50622,26071
2015-09-01,OO,289540,140197
2015-09-01,UA,427376,204418
2015-09-01,VX,39917,21653
2015-09-01,WN,491859,280528
2015-09-02,AA,642519,309009
2015-09-02,AS,107591,53632
2015-09-02,B6,155675,72419
2015-09-02,DL,537450,264401
2015-09-02,EV,273430,130767
2015-09-02,F9,36385,18074
2015-09-02,HA,34004,16796
2015-09-02,MQ,134394,62496
2015-09-02,NK,48380,24425
2015-09-02,OO,289380,141320
2015-09-02,UA,433531,203838
2015-09-02,VX,39807,21908
2015-09-02,WN,493008,278874
2015-09-03,AA,645244,307305
2015-09-03,AS,102354,52386
2015-09-03,B6,152041,71865
2015-09-03,DL,534315,258858
2015-09-03,EV,269598,130468
2015-09-03,F9,32200,17082
2015-09-03,HA,37102,17716
2015-09-03,MQ,130480,62127
2015-09-03,NK,52343,24876
2015-09-03,OO,280683,141103
2015-09-03,UA,407921,198028
2015-09-03,VX,38473,21281
2015-09-03,WN,488197,277664
2015-09-04,AA,643982,309874
2015-09-04,AS,99319,50501
2015-09-04,B6,148674,65306
2015-09-04,DL,531379,265562
2015-09-04,EV,269393,134350
2015-09-04,F9,35125,18147
2015-09-04,HA,36315,17827
2015-09-04,MQ,133082,63509
2015-09-04,NK,49913,23668
2015-09-04,OO,279774,140293
2015-09-04,UA,421789,203241
2015-09-04,VX,37951,21948
2015-09-04,WN,488830,286404
2015-09-05,AA,691775,323248
2015-09-05,AS,105054,53457
2015-09-05,B6,150952,72905
2015-09-05,DL,587304,259815
2015-09-05,EV,284228,122828
2015-09-05,F9,34408,16730
2015-09-05,HA,40264,19154
2015-09-05,MQ,132664,58635
2015-09-05,NK,51553,26139
2015-09-05,OO,312510,139769
2015-09-05,UA,428867,190906
2015-09-05,VX,47661,24191
2015-09-05,WN,563360,282153
2015-09-06,AA,705488,316736
2015-09-06,AS,102662,51871
2015-09-06,B6,157518,70848
2015-09-06,DL,594650,262019
2015-09-06,EV,306022,125327
2015-09-06,F9,37594,17825
2015-09-06,HA,38127,18109
2015-09-06,MQ,141628,59395
2015-09-06,NK,51649,25260
2015-09-06,OO,310842,135680
2015-09-06,UA,455185,195740
2015-09-06,VX,45792,21657
2015-09-06,WN,542015,275981
2015-09-07,AA,661779,306169
2015-09-07,AS,102980,53768
2015-09-07,B6,147688,71688
2015-09-07,DL,567192,266063
2015-09-07,EV,278038,131033
2015-09-07,F9,35890,18200
2015-09-07,HA,36582,17429
2015-09-07,MQ,134937,61938
2015-09-07,NK,50981,25253
2015-09-07,OO,291054,139281
2015-09-07,UA,426836,203353
2015-09-07,VX,40935,20979
2015-09-07,WN,543551,283089
2015-09-08,AA,662067,316170
2015-09-08,AS,101811,51320
2015-09-08,B6,153932,73747
2015-09-08,DL,567502,271187
2015-09-08,EV,285929,133223
2015-09-08,F9,34876,16647
2015-09-08,HA,34601,17114
2015-09-08,MQ,135099,61358
2015-09-08,NK,52152,24834
2015-09-08,OO,294166,140328
2015-09-08,UA,414346,202665
2015-09-08,VX,39174,21457
2015-09-08,WN,497003,274595
2015-09-09,AA,648273,311847
2015-09-09,AS,105027,51751
2015-09-09,B6,154109,72635
2015-09-09,DL,570132,264250
2015-09-09,EV,286690,130499
2015-09-09,F9,33712,17565
2015-09-09,HA,33422,16433
2015-09-09,MQ,126859,59221
2015-09-09,NK,50769,25245
2015-09-09,OO,294537,138003
2015-09-09,UA,434556,204620
2015-09-09,VX,38585,21080
2015-09-09,WN,496968,280951
2015-09-10,AA,633291,300901
2015-09-10,AS,104226,52226
2015-09-10,B6,153261,69020
2015-09-10,DL,548146,250379
2015-09-10,EV,289621,130611
2015-09-10,F9,35327,16848
2015-09-10,HA,35816,17146
2015-09-10,MQ,126961,58256
2015-09-10,NK,51863,24955
2015-09-10,OO,289750,137009
2015-09-10,UA,429797,201471
2015-09-10,VX,37551,20893
2015-09-10,WN,498682,274487
2015-09-11,AA,635803,314312
2015-09-11,AS,102601,52113
2015-09-11,B6,151496,73607
2015-09-11,DL,553858,266088
2015-09-11,EV,284554,135119
2015-09-11,F9,30338,16394
2015-09-11,HA,32417,16265
2015-09-11,MQ,124479,60585
2015-09-11,NK,51809,26387
2015-09-11,OO,290623,137729
2015-09-11,UA,437613,208065
2015-09-11,VX,36648,21519
2015-09-11,WN,495170,292077
2015-09-12,AA,677157,313992
2015-09-12,AS,104607,52826
2015-09-12,B6,158701,74080
2015-09-12,DL,586523,257607
2015-09-12,EV,286359,122397
2015-09-12,F9,34008,16906
2015-09-12,HA,35475,17270
2015-09-12,MQ,119719,53722
2015-09-12,NK,50659,26359
2015-09-12,OO,301163,133269
2015-09-12,UA,430001,188229
2015-09-12,VX,43346,21693
2015-09-12,WN,554318,285944
2015-09-13,AA,653505,305732
2015-09-13,AS,103401,51588
2015-09-13,B6,154547,71241
2015-09-13,DL,535366,257875
2015-09-13,EV,279609,131128
2015-09-13,F9,36214,18203
2015-09-13,HA,34486,16797
2015-09-13,MQ,126280,57529
2015-09-13,NK,51636,25866
2015-09-13,OO,279789,136942
2015-09-13,UA,446142,200353
2015-09-13,VX,41828,19965
2015-09-13,WN,520490,280880
2015-09-14,AA,631746,309779
2015-09-14,AS,103128,52749
2015-09-14,B6,149093,72489
2015-09-14,DL,540335,263913
2015-09-14,EV,276401,132257
2015-09-14,F9,32611,17122
2015-09-14,HA,34340,16320
2015-09-14,MQ,129505,59866
2015-09-14,NK,49599,26007
2015-09-14,OO,278549,138749
2015-09-14,UA,425986,209589
2015-09-14,VX,37603,21269
2015-09-14,WN,502988,282699
2015-09-15,AA,632546,302012
2015-09-15,AS,101990,51511
2015-09-15,B6,151659,73649
2015-09-15,DL,536939,262190
2015-09-15,EV,284350,132150
2015-09-15,F9,33347,17148
2015-09-15,HA,35071,16513
2015-09-15,MQ,135465,60704
2015-09-15,NK,53396,26320
2015-09-15,OO,294794,139866
2015-09-15,UA,438030,203668
2015-09-15,VX,37613,21050
2015-09-15,WN,501742,282781
2015-09-16,AA,645517,310314
2015-09-16,AS,103239,51467
2015-09-16,B6,154423,74488
2015-09-16,DL,540428,265591
2015-09-16,EV,272237,130817
2015-09-16,F9,35782,18299
2015-09-16,HA,35426,16907
2015-09-16,MQ,129427,59601
2015-09-16,NK,51692,26605
2015-09-16,OO,272792,135690
2015-09-16,UA,427763,203341
2015-09-16,VX,38153,21466
2015-09-16,WN,508285,283767
2015-09-17,AA,633066,305165
2015-09-17,AS,102713,52143
2015-09-17,B6,154769,74043
2015-09-17,DL,522691,261027
2015-09-17,EV,271561,132260
2015-09-17,F9,32899,17525
2015-09-17,HA,36026,17073
2015-09-17,MQ,128369,56349
2015-09-17,NK,52378,24998
2015-09-17,OO,270826,135808
2015-09-17,UA,418110,202829
2015-09-17,VX,38054,21119
2015-09-17,WN,493701,279947
2015-09-18,AA,644881,314464
2015-09-18,AS,106465,52713
2015-09-18,B6,155595,74361
2015-09-18,DL,526372,263445
2015-09-18,EV,270471,134480
2015-09-18,F9,34244,18026
2015-09-18,HA,34597,16876
2015-09-18,MQ,127321,59370
2015-09-18,NK,48450,24529
2015-09-18,OO,274345,136717
2015-09-18,UA,429475,208529
2015-09-18,VX,37900,21768
2015-09-18,WN,495466,288709
2015-09-19,AA,666328,309700
2015-09-19,AS,107795,53319
2015-09-19,B6,166326,76800
2015-09-19,DL,571982,257176
2015-09-19,EV,298347,127745
2015-09-19,F9,35636,17688
2015-09-19,HA,36062,17400
2015-09-19,MQ,128669,57025
2015-09-19,NK,50395,26095
2015-09-19,OO,305574,134955
2015-09-19,UA,444406,194775
2015-09-19,VX,43382,21833
2015-09-19,WN,562429,287754
2015-09-20,AA,653821,301923
2015-09-20,AS,101715,50900
2015-09-20,B6,163018,74114
2015-09-20,DL,542999,260852
2015-09-20,EV,278567,131091
2015-09-20,F9,37426,17861
2015-09-20,HA,35489,16853
2015-09-20,MQ,126881,57608
2015-09-20,NK,50306,25448
2015-09-20,OO,284175,139006
2015-09-20,UA,446494,201148
2015-09-20,VX,41810,20568
2015-09-20,WN,523791,281267
2015-09-21,AA,642933,315975
2015-09-21,AS,99373,50981
2015-09-21,B6,154910,74399
2015-09-21,DL,524214,262475
2015-09-21,EV,274950,133758
2015-09-21,F9,33119,16837
2015-09-21,HA,33070,15877
2015-09-21,MQ,125581,59395
2015-09-21,NK,49405,25509
2015-09-21,OO,284594,140205
2015-09-21,UA,421758,208676
2015-09-21,VX,37808,21436
2015-09-21,WN,506843,282985
2015-09-22,AA,644627,306429
2015-09-22,AS,104942,51735
2015-09-22,B6,156759,74900
2015-09-22,DL,539797,264464
2015-09-22,EV,286006,133739
2015-09-22,F9,32390,17442
2015-09-22,HA,36798,17060
2015-09-22,MQ,130863,59566
2015-09-22,NK,51083,25972
2015-09-22,OO,287095,137623
2015-09-22,UA,446440,206096
2015-09-22,VX,38662,21217
2015-09-22,WN,501992,281852
2015-09-23,AA,638370,308933
2015-09-23,AS,104008,51798
2015-09-23,B6,155107,74615
2015-09-23,DL,546637,266650
2015-09-23,EV,284865,133765
2015-09-23,F9,36580,18252
2015-09-23,HA,35851,16907
2015-09-23,MQ,128119,58881
2015-09-23,NK,50984,26192
2015-09-23,OO,280221,138216
2015-09-23,UA,440360,205438
2015-09-23,VX,40455,21785
2015-09-23,WN,502881,281738
2015-09-24,AA,629362,309054
2015-09-24,AS,100030,51514
2015-09-24,B6,152477,72255
2015-09-24,DL,521676,259308
2015-09-24,EV,276554,134765
2015-09-24,F9,32917,17249
2015-09-24,HA,35651,17127
2015-09-24,MQ,126796,59158
2015-09-24,NK,52805,26072
2015-09-24,OO,279275,138559
2015-09-24,UA,420236,205350
2015-09-24,VX,38316,21151
2015-09-24,WN,500874,281476
2015-09-25,AA,638890,315214
2015-09-25,AS,99839,50436
2015-09-25,B6,150003,73451
2015-09-25,DL,516143,261040
2015-09-25,EV,270654,135419
2015-09-25,F9,33926,18021
2015-09-25,HA,33281,16261
2015-09-25,MQ,125651,60069
2015-09-25,NK,50656,26088
2015-09-25,OO,275298,138596
2015-09-25,UA,420818,209189
2015-09-25,VX,39891,22800
2015-09-25,WN,498058,291510
2015-09-26,AA,675672,313052
2015-09-26,AS,103301,52186
2015-09-26,B6,156584,74196
2015-09-26,DL,572116,257367
2015-09-26,EV,296419,127131
2015-09-26,F9,38000,18561
2015-09-26,HA,34772,16936
2015-09-26,MQ,127823,56064
2015-09-26,NK,51582,27000
2015-09-26,OO,301448,134025
2015-09-26,UA,451699,202203
2015-09-26,VX,45705,22580
2015-09-26,WN,559093,286251
2015-09-27,AA,654830,306283
2015-09-27,AS,101790,51234
2015-09-27,B6,166347,77223
2015-09-27,DL,530984,257268
2015-09-27,EV,276670,130613
2015-09-27,F9,34201,17372
2015-09-27,HA,35221,16918
2015-09-27,MQ,124662,56802
2015-09-27,NK,50649,25047
2015-09-27,OO,284916,138219
2015-09-27,UA,434719,202427
2015-09-27,VX,43520,21497
2015-09-27,WN,515175,278354
2015-09-28,AA,629164,312938
2015-09-28,AS,105153,53107
2015-09-28,B6,157109,75072
2015-09-28,DL,538303,267813
2015-09-28,EV,264503,131476
2015-09-28,F9,33764,17730
2015-09-28,HA,37918,17364
2015-09-28,MQ,122512,58176
2015-09-28,NK,53227,27106
2015-09-28,OO,278268,139001
2015-09-28,UA,415030,208003
2015-09-28,VX,38860,21791
2015-09-28,WN,491155,278719
2015-09-29,AA,643674,307131
2015-09-29,AS,105646,52126
2015-09-29,B6,151125,73442
2015-09-29,DL,521447,261013
2015-09-29,EV,271766,130430
2015-09-29,F9,35358,18052
2015-09-29,HA,34675,16016
2015-09-29,MQ,129756,59998
2015-09-29,NK,50474,26161
2015-09-29,OO,283082,137189
2015-09-29,UA,419039,203683
2015-09-29,VX,39765,21718
2015-09-29,WN,493693,278545
2015-09-30,AA,637497,308922
2015-09-30,AS,107207,52690
2015-09-30,B6,152235,74287
2015-09-30,DL,541138,264985
2015-09-30,EV,270319,132100
2015-09-30,F9,37966,19239
2015-09-30,HA,34001,16453
2015-09-30,MQ,125606,58484
2015-09-30,NK,53880,26979
2015-09-30,OO,285413,139457
2015-09-30,UA,413192,203408
2015-09-30,VX,38310,21241
2015-09-30,WN,491485,278528
2015-10-01,AA,623820,306263
2015-10-01,AS,105513,53072
2015-10-01,B6,154810,72779
2015-10-01,DL,525859,263769
2015-10-01,EV,269313,131616
2015-10-01,F9,34839,17875
2015-10-01,HA,33440,16134
2015-10-01,MQ,122709,58609
2015-10-01,NK,51046,24605
2015-10-01,OO,278702,138983
2015-10-01,UA,405486,202470
2015-10-01,VX,39011,21397
2015-10-01,WN,492598,280024
2015-10-02,AA,631718,313901
2015-10-02,AS,99859,51673
2015-10-02,B6,149206,70014
2015-10-02,DL,513431,259490
2015-10-02,EV,275676,134412
2015-10-02,F9,33170,17449
2015-10-02,HA,30361,15307
2015-10-02,MQ,124182,59408
2015-10-02,NK,49934,25612
2015-10-02,OO,271519,137886
2015-10-02,UA,416761,205108
2015-10-02,VX,38112,22018
2015-10-02,WN,491810,288899
2015-10-03,AA,667243,311929
2015-10-03,AS,105914,53487
2015-10-03,B6,159065,75996
2015-10-03,DL,570638,257917
2015-10-03,EV,292993,126634
2015-10-03,F9,35772,18184
2015-10-03,HA,36390,17311
2015-10-03,MQ,120529,54141
2015-10-03,NK,52685,27191
2015-10-03,OO,295291,133124
2015-10-03,UA,453050,203771
2015-10-03,VX,45300,22574
2015-10-03,WN,548925,283356
2015-10-04,AA,659546,304627
2015-10-04,AS,101687,51920
2015-10-04,B6,155161,73641
2015-10-04,DL,540376,260765
2015-10-04,EV,280049,132296
2015-10-04,F9,37478,19187
2015-10-04,HA,35222,16898
2015-10-04,MQ,125539,57683
2015-10-04,NK,49574,25972
2015-10-04,OO,276433,136278
2015-10-04,UA,428004,202211
2015-10-04,VX,44384,22311
2015-10-04,WN,515208,279051
2015-10-05,AA,642552,317306
2015-10-05,AS,100844,51468
2015-10-05,B6,152989,74810
2015-10-05,DL,534272,266503
2015-10-05,EV,274943,134252
2015-10-05,F9,35260,18439
2015-10-05,HA,36262,16890
2015-10-05,MQ,123053,58498
2015-10-05,NK,51027,25873
2015-10-05,OO,287498,141030
2015-10-05,UA,417704,209611
2015-10-05,VX,40282,22415
2015-10-05,WN,500637,280501
2015-10-06,AA,636920,308639
2015-10-06,AS,106525,52800
2015-10-06,B6,160329,76465
2015-10-06,DL,536286,264524
2015-10-06,EV,267922,128789
2015-10-06,F9,31684,17653
2015-10-06,HA,35383,16574
2015-10-06,MQ,125780,58813
2015-10-06,NK,54444,26998
2015-10-06,OO,280701,136455
2015-10-06,UA,429659,207109
2015-10-06,VX,40282,22158
2015-10-06,WN,498417,281491
2015-10-07,AA,657017,315288
2015-10-07,AS,102991,51796
2015-10-07,B6,153459,74095
2015-10-07,DL,534403,263589
2015-10-07,EV,274735,132983
2015-10-07,F9,36716,18249
2015-10-07,HA,32121,15891
2015-10-07,MQ,122233,57620
2015-10-07,NK,53982,26567
2015-10-07,OO,278652,137261
2015-10-07,UA,427045,208557
2015-10-07,VX,39396,22020
2015-10-07,WN,500442,282276
2015-10-08,AA,651429,312708
2015-10-08,AS,108604,54110
2015-10-08,B6,152475,72987
2015-10-08,DL,530014,263173
2015-10-08,EV,272832,133880
2015-10-08,F9,33523,17800
2015-10-08,HA,31964,15620
2015-10-08,MQ,120462,57521
2015-10-08,NK,54807,27400
2015-10-08,OO,279247,138188
2015-10-08,UA,422004,209232
2015-10-08,VX,39025,21648
2015-10-08,WN,493777,280683
2015-10-09,AA,643701,310716
2015-10-09,AS,105922,52906
2015-10-09,B6,156266,70847
2015-10-09,DL,536337,260283
2015-10-09,EV,274140,133732
2015-10-09,F9,33050,17675
2015-10-09,HA,34807,16807
2015-10-09,MQ,119813,58413
2015-10-09,NK,48739,24001
2015-10-09,OO,275341,136810
2015-10-09,UA,420678,202962
2015-10-09,VX,38555,21389
2015-10-09,WN,494385,285200
2015-10-10,AA,682411,319130
2015-10-10,AS,110605,54390
2015-10-10,B6,160534,77604
2015-10-10,DL,574478,260840
2015-10-10,EV,310310,131422
2015-10-10,F9,37484,19292
2015-10-10,HA,37304,17899
2015-10-10,MQ,124922,54819
2015-10-10,NK,52491,27258
2015-10-10,OO,308118,136435
2015-10-10,UA,447252,202104
2015-10-10,VX,47944,23750
2015-10-10,WN,554253,287771
2015-10-11,AA,661736,311068
2015-10-11,AS,100825,51081
2015-10-11,B6,160806,75174
2015-10-11,DL,540055,261045
2015-10-11,EV,277362,130078
2015-10-11,F9,35271,18328
2015-10-11,HA,39858,18456
2015-10-11,MQ,123864,56962
2015-10-11,NK,51177,25600
2015-10-11,OO,280808,135847
2015-10-11,UA,431601,203501
2015-10-11,VX,43936,21944
2015-10-11,WN,519695,277866
2015-10-12,AA,647677,315536
2015-10-12,AS,107271,53272
2015-10-12,B6,154792,75287
2015-10-12,DL,529654,263757
2015-10-12,EV,274949,133415
2015-10-12,F9,37407,18863
2015-10-12,HA,37971,17111
2015-10-12,MQ,122405,57866
2015-10-12,NK,50309,25920
2015-10-12,OO,273800,136013
2015-10-12,UA,416291,208494
2015-10-12,VX,39308,22040
2015-10-12,WN,502658,282560
2015-10-13,AA,644128,308842
2015-10-13,AS,105694,52222
2015-10-13,B6,153861,74975
2015-10-13,DL,540661,266087
2015-10-13,EV,282528,134004
2015-10-13,F9,35758,18375
2015-10-13,HA,36652,17043
2015-10-13,MQ,120306,57037
2015-10-13,NK,53532,26677
2015-10-13,OO,285980,137931
2015-10-13,UA,438594,209670
2015-10-13,VX,40653,22101
2015-10-13,WN,504308,281752
2015-10-14,AA,649130,313028
2015-10-14,AS,111569,54358
2015-10-14,B6,154761,75001
2015-10-14,DL,535164,263633
2015-10-14,EV,277094,133305
2015-10-14,F9,37735,18931
2015-10-14,HA,34105,16438
2015-10-14,MQ,122651,57417
2015-10-14,NK,55403,27234
2015-10-14,OO,277969,136991
2015-10-14,UA,422731,205295
2015-10-14,VX,39709,21962
2015-10-14,WN,498784,281643
2015-10-15,AA,641952,308454
2015-10-15,AS,107760,53891
2015-10-15,B6,151561,72991
2015-10-15,DL,528706,263117
2015-10-15,EV,267603,132158
2015-10-15,F9,36866,19129
2015-10-15,HA,32866,16122
2015-10-15,MQ,124662,58839
2015-10-15,NK,51778,25539
2015-10-15,OO,278295,139018
2015-10-15,UA,421077,206884
2015-10-15,VX,38636,21461
2015-10-15,WN,497538,282380
2015-10-16,AA,649220,323056
2015-10-16,AS,109810,54416
2015-10-16,B6,154484,74661
2015-10-16,DL,534032,267123
2015-10-16,EV,272859,135060
2015-10-16,F9,35249,18999
2015-10-16,HA,34438,16682
2015-10-16,MQ,116621,57420
2015-10-16,NK,48920,25627
2015-10-16,OO,279169,140153
2015-10-16,UA,426839,208182
2015-10-16,VX,39753,22855
2015-10-16,WN,499157,293318
2015-10-17,AA,684743,312008
2015-10-17,AS,110073,54320
2015-10-17,B6,161663,75161
2015-10-17,DL,570115,256905
2015-10-17,EV,309414,131042
2015-10-17,F9,35578,18808
2015-10-17,HA,35697,17376
2015-10-17,MQ,122613,54414
2015-10-17,NK,50411,26645
2015-10-17,OO,302964,135978
2015-10-17,UA,450934,201646
2015-10-17,VX,44561,22197
2015-10-17,WN,554210,286328
2015-10-18,AA,643448,303796
2015-10-18,AS,105448,53113
2015-10-18,B6,158180,73823
2015-10-18,DL,545432,262713
2015-10-18,EV,281084,132097
2015-10-18,F9,33620,17552
2015-10-18,HA,35255,16861
2015-10-18,MQ,118582,55609
2015-10-18,NK,51325,24617
2015-10-18,OO,273770,134479
2015-10-18,UA,424274,200166
2015-10-18,VX,42270,20876
2015-10-18,WN,510590,277614
2015-10-19,AA,634810,313924
2015-10-19,AS,100937,52204
2015-10-19,B6,150852,74134
2015-10-19,DL,545515,269178
2015-10-19,EV,265744,131137
2015-10-19,F9,35144,19065
2015-10-19,HA,37627,17353
2015-10-19,MQ,116807,55820
2015-10-19,NK,52081,26267
2015-10-19,OO,275403,137578
2015-10-19,UA,422135,210274
2015-10-19,VX,38289,21679
2015-10-19,WN,495168,281357
2015-10-20,AA,634113,309304
2015-10-20,AS,100580,51064
2015-10-20,B6,156736,76155
2015-10-20,DL,537457,264383
2015-10-20,EV,275293,131296
2015-10-20,F9,34393,18066
2015-10-20,HA,32460,15545
2015-10-20,MQ,124394,57943
2015-10-20,NK,51665,26008
2015-10-20,OO,284464,138411
2015-10-20,UA,433554,208321
2015-10-20,VX,39838,21928
2015-10-20,WN,496301,280695
2015-10-21,AA,643255,310835
2015-10-21,AS,106312,52649
2015-10-21,B6,158196,75213
2015-10-21,DL,530228,262284
2015-10-21,EV,273132,132536
2015-10-21,F9,32850,17881
2015-10-21,HA,31029,15495
2015-10-21,MQ,121618,56971
2015-10-21,NK,50778,26163
2015-10-21,OO,275520,137626
2015-10-21,UA,410717,203653
2015-10-21,VX,40104,21980
2015-10-21,WN,498766,281976
2015-10-22,AA,657613,316592
2015-10-22,AS,105873,53141
2015-10-22,B6,154731,74358
2015-10-22,DL,523360,261684
2015-10-22,EV,262586,129867
2015-10-22,F9,36852,19012
2015-10-22,HA,36360,16822
2015-10-22,MQ,115475,55393
2015-10-22,NK,50740,25711
2015-10-22,OO,282629,139861
2015-10-22,UA,416357,206695
2015-10-22,VX,39248,21413
2015-10-22,WN,496188,280300
2015-10-23,AA,659492,307650
2015-10-23,AS,104918,52465
2015-10-23,B6,158389,76233
2015-10-23,DL,532364,266224
2015-10-23,EV,271099,133348
2015-10-23,F9,36242,20323
2015-10-23,HA,34643,16850
2015-10-23,MQ,122228,55940
2015-10-23,NK,50259,25367
2015-10-23,OO,281635,141500
2015-10-23,UA,412718,206102
2015-10-23,VX,39288,22567
2015-10-23,WN,507047,287589
2015-10-24,AA,671722,312069
2015-10-24,AS,109336,53998
2015-10-24,B6,161573,73331
2015-10-24,DL,587297,261707
2015-10-24,EV,293539,125591
2015-10-24,F9,37410,18913
2015-10-24,HA,34297,16820
2015-10-24,MQ,122665,54767
2015-10-24,NK,51576,26308
2015-10-24,OO,299146,134068
2015-10-24,UA,452070,200053
2015-10-24,VX,46275,22726
2015-10-24,WN,557991,287194
2015-10-25,AA,663872,310957
2015-10-25,AS,101935,50831
2015-10-25,B6,162268,75001
2015-10-25,DL,556940,265535
2015-10-25,EV,275659,128999
2015-10-25,F9,40751,21289
2015-10-25,HA,34948,16936
2015-10-25,MQ,119332,55930
2015-10-25,NK,50061,25229
2015-10-25,OO,276818,136001
2015-10-25,UA,438498,200360
2015-10-25,VX,44867,22216
2015-10-25,WN,516740,279578
2015-10-26,AA,641593,317317
2015-10-26,AS,102078,52607
2015-10-26,B6,160412,75148
2015-10-26,DL,529088,268616
2015-10-26,EV,264529,130013
2015-10-26,F9,39159,20385
2015-10-26,HA,36195,17054
2015-10-26,MQ,121916,57770
2015-10-26,NK,48622,25627
2015-10-26,OO,281346,140228
2015-10-26,UA,406186,204037
2015-10-26,VX,40199,22166
2015-10-26,WN,501162,283274
2015-10-27,AA,641331,311703
2015-10-27,AS,104339,51923
2015-10-27,B6,157731,76322
2015-10-27,DL,566299,266676
2015-10-27,EV,276120,129529
2015-10-27,F9,36074,20304
2015-10-27,HA,33793,16046
2015-10-27,MQ,121146,57740
2015-10-27,NK,49641,25716
2015-10-27,OO,290327,137719
2015-10-27,UA,431672,206676
2015-10-27,VX,38346,21684
2015-10-27,WN,493405,280741
2015-10-28,AA,628091,304964
2015-10-28,AS,101813,50542
2015-10-28,B6,169769,72619
2015-10-28,DL,562239,263858
2015-10-28,EV,279843,128100
2015-10-28,F9,40539,21233
2015-10-28,HA,34109,16502
2015-10-28,MQ,120205,56701
2015-10-28,NK,55807,26957
2015-10-28,OO,281133,136715
2015-10-28,UA,428618,203767
2015-10-28,VX,39293,21424
2015-10-28,WN,492511,277990
2015-10-29,AA,652349,316627
2015-10-29,AS,104817,53321
2015-10-29,B6,156610,71491
2015-10-29,DL,542413,267238
2015-10-29,EV,274657,132182
2015-10-29,F9,39258,20635
2015-10-29,HA,37549,17662
2015-10-29,MQ,120086,57288
2015-10-29,NK,53398,25203
2015-10-29,OO,280683,138134
2015-10-29,UA,426025,207709
2015-10-29,VX,40120,22093
2015-10-29,WN,495548,280315
2015-10-30,AA,655292,313691
2015-10-30,AS,105510,52608
2015-10-30,B6,161974,75219
2015-10-30,DL,559901,271070
2015-10-30,EV,270398,132748
2015-10-30,F9,40680,21645
2015-10-30,HA,33320,16356
2015-10-30,MQ,120443,57744
2015-10-30,NK,49446,25913
2015-10-30,OO,282108,139907
2015-10-30,UA,421268,207162
2015-10-30,VX,39455,21695
2015-10-30,WN,509885,293647
2015-10-31,AA,685103,311185
2015-10-31,AS,107547,52875
2015-10-31,B6,169838,76337
2015-10-31,DL,594715,255391
2015-10-31,EV,293062,122520
2015-10-31,F9,42882,20701
2015-10-31,HA,38302,17915
2015-10-31,MQ,124643,53472
2015-10-31,NK,52465,26785
2015-10-31,OO,311723,135414
2015-10-31,UA,449706,192270
2015-10-31,VX,42797,21358
2015-10-31,WN,573610,284046
2015-11-01,AA,655466,308997
2015-11-01,AS,106734,50992
2015-11-01,B6,159161,71884
2015-11-01,DL,545929,259123
2015-11-01,EV,265771,125973
2015-11-01,F9,41023,20144
2015-11-01,HA,35581,16985
2015-11-01,MQ,121603,56902
2015-11-01,NK,53538,26638
2015-11-01,OO,285251,138805
2015-11-01,UA,446778,200782
2015-11-01,VX,45385,20727
2015-11-01,WN,522138,272432
2015-11-02,AA,651526,310936
2015-11-02,AS,104708,52551
2015-11-02,B6,154356,73266
2015-11-02,DL,542974,269725
2015-11-02,EV,262085,126444
2015-11-02,F9,38096,19983
2015-11-02,HA,31830,15516
2015-11-02,MQ,118386,55126
2015-11-02,NK,52265,26761
2015-11-02,OO,278766,139082
2015-11-02,UA,418088,205502
2015-11-02,VX,38403,21567
2015-11-02,WN,495670,276055
2015-11-03,AA,642192,310605
2015-11-03,AS,107620,54044
2015-11-03,B6,157311,75965
2015-11-03,DL,543350,260797
2015-11-03,EV,271442,129021
2015-11-03,F9,37166,19708
2015-11-03,HA,35729,16656
2015-11-03,MQ,119721,56455
2015-11-03,NK,54762,26698
2015-11-03,OO,291729,140844
2015-11-03,UA,443524,209199
2015-11-03,VX,40743,22435
2015-11-03,WN,499331,277215
2015-11-04,AA,654059,310788
2015-11-04,AS,107936,52863
2015-11-04,B6,166766,77008
2015-11-04,DL,532708,262267
2015-11-04,EV,262180,127818
2015-11-04,F9,40043,20793
2015-11-04,HA,33902,15786
2015-11-04,MQ,119338,56323
2015-11-04,NK,52967,26410
2015-11-04,OO,287914,141135
2015-11-04,UA,430342,204218
2015-11-04,VX,40373,22233
2015-11-04,WN,500304,270994
2015-11-05,AA,656881,308971
2015-11-05,AS,100147,50716
2015-11-05,B6,164767,75108
2015-11-05,DL,525508,262019
2015-11-05,EV,262583,126875
2015-11-05,F9,37226,20248
2015-11-05,HA,34718,16567
2015-11-05,MQ,122664,55993
2015-11-05,NK,51180,25157
2015-11-05,OO,278313,138798
2015-11-05,UA,422108,204809
2015-11-05,VX,37699,21260
2015-11-05,WN,485675,267157
2015-11-06,AA,669425,320180
2015-11-06,AS,104940,51476
2015-11-06,B6,155656,72671
2015-11-06,DL,527964,265559
2015-11-06,EV,260161,129435
2015-11-06,F9,38136,20400
2015-11-06,HA,32326,15691
2015-11-06,MQ,117732,56816
2015-11-06,NK,51706,26738
2015-11-06,OO,275094,139016
2015-11-06,UA,422706,206444
2015-11-06,VX,38150,22037
2015-11-06,WN,481451,281396
2015-11-07,AA,699612,319462
2015-11-07,AS,107547,53792
2015-11-07,B6,162171,74970
2015-11-07,DL,582407,260993
2015-11-07,EV,289201,123899
2015-11-07,F9,38791,20574
2015-11-07,HA,30111,15405
2015-11-07,MQ,119887,52056
2015-11-07,NK,51299,26569
2015-11-07,OO,301808,136194
2015-11-07,UA,456493,198574
2015-11-07,VX,45657,22847
2015-11-07,WN,528956,286179
2015-11-08,AA,668609,311943
2015-11-08,AS,107686,52446
2015-11-08,B6,161968,73570
2015-11-08,DL,543567,260585
2015-11-08,EV,273200,127120
2015-11-08,F9,38783,20835
2015-11-08,HA,36802,17285
2015-11-08,MQ,125055,57108
2015-11-08,NK,52965,26949
2015-11-08,OO,274565,134991
2015-11-08,UA,449325,201700
2015-11-08,VX,41954,21030
2015-11-08,WN,514178,271333
2015-11-09,AA,654001,314516
2015-11-09,AS,102832,52574
2015-11-09,B6,152446,73849
2015-11-09,DL,527204,263695
2015-11-09,EV,266069,129701
2015-11-09,F9,38834,20452
2015-11-09,HA,33015,15983
2015-11-09,MQ,120546,56815
2015-11-09,NK,51740,26973
2015-11-09,OO,276566,138076
2015-11-09,UA,413419,206996
2015-11-09,VX,36490,21304
2015-11-09,WN,489805,275318
2015-11-10,AA,647593,312824
2015-11-10,AS,105654,52997
2015-11-10,B6,157352,75846
2015-11-10,DL,523341,260907
2015-11-10,EV,273138,127708
2015-11-10,F9,38332,20749
2015-11-10,HA,40047,18181
2015-11-10,MQ,119378,55548
2015-11-10,NK,51277,25517
2015-11-10,OO,280980,137745
2015-11-10,UA,430936,204730
2015-11-10,VX,38824,21969
2015-11-10,WN,495359,277126
2015-11-11,AA,651743,310159
2015-11-11,AS,103352,51716
2015-11-11,B6,160047,74406
2015-11-11,DL,539514,264114
2015-11-11,EV,264604,128027
2015-11-11,F9,36768,19353
2015-11-11,HA,32046,15542
2015-11-11,MQ,122944,56632
2015-11-11,NK,52229,25350
2015-11-11,OO,279233,137865
2015-11-11,UA,426781,202629
2015-11-11,VX,39872,22414
2015-11-11,WN,499774,270091
2015-11-12,AA,659388,318803
2015-11-12,AS,102847,51245
2015-11-12,B6,161108,74400
2015-11-12,DL,518542,260698
2015-11-12,EV,267544,128976
2015-11-12,F9,40390,21576
2015-11-12,HA,34869,16510
2015-11-12,MQ,119246,55942
2015-11-12,NK,50663,25974
2015-11-12,OO,281576,139807
2015-11-12,UA,440088,211695
2015-11-12,VX,39307,21684
2015-11-12,WN,484104,275599
2015-11-13,AA,652961,315947
2015-11-13,AS,103442,51504
2015-11-13,B6,161105,75079
2015-11-13,DL,534037,266484
2015-11-13,EV,260694,129830
2015-11-13,F9,38416,20705
2015-11-13,HA,31774,15716
2015-11-13,MQ,117701,56649
2015-11-13,NK,53360,27368
2015-11-13,OO,275871,139162
2015-11-13,UA,427788,208020
2015-11-13,VX,39328,22820
2015-11-13,WN,486170,283199
2015-11-14,AA,675591,309092
2015-11-14,AS,106539,53621
2015-11-14,B6,168514,75324
2015-11-14,DL,562429,252147
2015-11-14,EV,280778,119448
2015-11-14,F9,41971,21609
2015-11-14,HA,34428,16860
2015-11-14,MQ,118530,51073
2015-11-14,NK,54748,27335
2015-11-14,OO,310239,138239
2015-11-14,UA,462783,195849
2015-11-14,VX,48908,23965
2015-11-14,WN,537747,287337
2015-11-15,AA,670101,310061
2015-11-15,AS,106901,52188
2015-11-15,B6,163399,75305
2015-11-15,DL,553904,263334
2015-11-15,EV,268616,126326
2015-11-15,F9,40417,20625
2015-11-15,HA,32500,15876
2015-11-15,MQ,118609,54805
2015-11-15,NK,54390,26931
2015-11-15,OO,275623,135718
2015-11-15,UA,435972,199278
2015-11-15,VX,42323,21286
2015-11-15,WN,517905,270421
2015-11-16,AA,661052,314878
2015-11-16,AS,101089,52045
2015-11-16,B6,157889,74922
2015-11-16,DL,541332,266507
2015-11-16,EV,266602,129489
2015-11-16,F9,38234,18509
2015-11-16,HA,31489,15240
2015-11-16,MQ,113913,54727
2015-11-16,NK,52161,26945
2015-11-16,OO,287547,141391
2015-11-16,UA,424179,208210
2015-11-16,VX,39329,22188
2015-11-16,WN,488431,271616
2015-11-17,AA,660411,318089
2015-11-17,AS,102682,52172
2015-11-17,B6,158057,77830
2015-11-17,DL,532484,264142
2015-11-17,EV,265474,126030
2015-11-17,F9,38210,20211
2015-11-17,HA,31672,15608
2015-11-17,MQ,113705,55905
2015-11-17,NK,53725,26063
2015-11-17,OO,294058,140968
2015-11-17,UA,445198,207044
2015-11-17,VX,40117,22436
2015-11-17,WN,497773,269484
2015-11-18,AA,650944,308733
2015-11-18,AS,107468,52704
2015-11-18,B6,165716,77557
2015-11-18,DL,521156,257853
2015-11-18,EV,267364,126779
2015-11-18,F9,39850,20444
2015-11-18,HA,31726,15519
2015-11-18,MQ,126689,53640
2015-11-18,NK,52819,26052
2015-11-18,OO,272573,133012
2015-11-18,UA,445833,205799
2015-11-18,VX,39604,21979
2015-11-18,WN,486561,273801
2015-11-19,AA,656471,310736
2015-11-19,AS,105598,51887
2015-11-19,B6,161301,68156
2015-11-19,DL,541281,262855
2015-11-19,EV,269556,126556
2015-11-19,F9,37930,21230
2015-11-19,HA,31425,15591
2015-11-19,MQ,123225,56692
2015-11-19,NK,52156,25771
2015-11-19,OO,277476,138363
2015-11-19,UA,431322,207430
2015-11-19,VX,39328,21644
2015-11-19,WN,487898,272116
2015-11-20,AA,652559,311612
2015-11-20,AS,102497,51321
2015-11-20,B6,161551,75651
2015-11-20,DL,533124,266710
2015-11-20,EV,262635,129669
2015-11-20,F9,37663,19108
2015-11-20,HA,35478,17144
2015-11-20,MQ,116054,54443
2015-11-20,NK,51353,26848
2015-11-20,OO,276770,138411
2015-11-20,UA,434500,199840
2015-11-20,VX,38749,21634
2015-11-20,WN,483614,280206
2015-11-21,AA,678087,307862
2015-11-21,AS,110120,53315
2015-11-21,B6,163599,74077
2015-11-21,DL,584292,261747
2015-11-21,EV,282119,116898
2015-11-21,F9,38305,19264
2015-11-21,HA,39683,19109
2015-11-21,MQ,107527,44692
2015-11-21,NK,55288,24502
2015-11-21,OO,300090,131282
2015-11-21,UA,461427,196183
2015-11-21,VX,41201,22087
2015-11-21,WN,552124,282314
2015-11-22,AA,679321,314358
2015-11-22,AS,105237,51955
2015-11-22,B6,155440,74318
2015-11-22,DL,578992,264540
2015-11-22,EV,288057,130102
2015-11-22,F9,41433,21212
2015-11-22,HA,33875,16330
2015-11-22,MQ,123927,52931
2015-11-22,NK,52813,25438
2015-11-22,OO,282470,135003
2015-11-22,UA,451413,202524
2015-11-22,VX,41184,22342
2015-11-22,WN,515854,272818
2015-11-23,AA,684894,322207
2015-11-23,AS,105036,52641
2015-11-23,B6,155131,73443
2015-11-23,DL,574144,264550
2015-11-23,EV,290913,128445
2015-11-23,F9,36046,19390
2015-11-23,HA,33990,16400
2015-11-23,MQ,116389,54065
2015-11-23,NK,51254,26195
2015-11-23,OO,294276,137434
2015-11-23,UA,431295,194954
2015-11-23,VX,40066,22134
2015-11-23,WN,492153,271581
2015-11-24,AA,671824,309885
2015-11-24,AS,108839,53308
2015-11-24,B6,155119,73448
2015-11-24,DL,544257,261233
2015-11-24,EV,278464,128137
2015-11-24,F9,39135,20569
2015-11-24,HA,40009,18493
2015-11-24,MQ,120530,55191
2015-11-24,NK,53956,27090
2015-11-24,OO,294570,140431
2015-11-24,UA,439410,201282
2015-11-24,VX,38917,22595
2015-11-24,WN,474619,259194
2015-11-25,AA,657166,313242
2015-11-25,AS,105189,53242
2015-11-25,B6,159519,75407
2015-11-25,DL,532189,265101
2015-11-25,EV,261127,128343
2015-11-25,F9,42149,21967
2015-11-25,HA,33788,16469
2015-11-25,MQ,121511,56243
2015-11-25,NK,53291,27457
2015-11-25,OO,276157,138759
2015-11-25,UA,432843,207798
2015-11-25,VX,38736,22030
2015-11-25,WN,470446,268482
2015-11-26,AA,722514,301324
2015-11-26,AS,104654,50245
2015-11-26,B6,174218,80563
2015-11-26,DL,603889,259176
2015-11-26,EV,305268,122664
2015-11-26,F9,42758,21804
2015-11-26,HA,33474,16156
2015-11-26,MQ,143955,57347
2015-11-26,NK,54130,27645
2015-11-26,OO,325828,137967
2015-11-26,UA,474753,202986
2015-11-26,VX,47806,25172
2015-11-26,WN,603473,290450
2015-11-27,AA,693491,303599
2015-11-27,AS,111254,53024
2015-11-27,B6,165653,75901
2015-11-27,DL,586435,248430
2015-11-27,EV,278617,116885
2015-11-27,F9,43115,21848
2015-11-27,HA,35398,16738
2015-11-27,MQ,128781,58133
2015-11-27,NK,55311,27778
2015-11-27,OO,304631,133186
2015-11-27,UA,474810,201883
2015-11-27,VX,48080,21965
2015-11-27,WN,558979,273752
2015-11-28,AA,673600,299024
2015-11-28,AS,103859,51095
2015-11-28,B6,166759,73067
2015-11-28,DL,538662,258802
2015-11-28,EV,258883,124911
2015-11-28,F9,39564,21226
2015-11-28,HA,34550,16858
2015-11-28,MQ,116194,51470
2015-11-28,NK,55168,28083
2015-11-28,OO,271517,133886
2015-11-28,UA,465376,194239
2015-11-28,VX,41708,22142
2015-11-28,WN,498355,264102
2015-11-29,AA,639907,301318
2015-11-29,AS,103155,50685
2015-11-29,B6,156883,74480
2015-11-29,DL,537045,262073
2015-11-29,EV,257641,126789
2015-11-29,F9,40448,20851
2015-11-29,HA,35304,16944
2015-11-29,MQ,112250,53251
2015-11-29,NK,53922,26616
2015-11-29,OO,267336,133312
2015-11-29,UA,417803,190286
2015-11-29,VX,40562,22478
2015-11-29,WN,464348,253558
2015-11-30,AA,642818,315867
2015-11-30,AS,104398,53794
2015-11-30,B6,156862,75950
2015-11-30,DL,541540,269828
2015-11-30,EV,264933,129762
2015-11-30,F9,41512,21030
2015-11-30,HA,34724,16308
2015-11-30,MQ,116508,56404
2015-11-30,NK,52138,27245
2015-11-30,OO,273281,138505
2015-11-30,UA,420315,213100
2015-11-30,VX,41142,23613
2015-11-30,WN,468206,267658
2015-12-01,AA,659664,318565
2015-12-01,AS,108989,54116
2015-12-01,B6,163327,76242
2015-12-01,DL,547637,267860
2015-12-01,EV,281731,130740
2015-12-01,F9,38251,19440
2015-12-01,HA,33113,16081
2015-12-01,MQ,116125,54003
2015-12-01,NK,58337,27074
2015-12-01,OO,288476,140767
2015-12-01,UA,446756,209152
2015-12-01,VX,43063,22863
2015-12-01,WN,490659,277200
2015-12-02,AA,654392,314311
2015-12-02,AS,105257,52636
2015-12-02,B6,156574,72627
2015-12-02,DL,539232,261951
2015-12-02,EV,261869,124216
2015-12-02,F9,37726,19773
2015-12-02,HA,30896,15390
2015-12-02,MQ,112119,54450
2015-12-02,NK,54853,26837
2015-12-02,OO,288409,139891
2015-12-02,UA,432066,204917
2015-12-02,VX,40072,22297
2015-12-02,WN,497527,277563
2015-12-03,AA,656306,313214
2015-12-03,AS,105773,53241
2015-12-03,B6,162065,75110
2015-12-03,DL,548441,265872
2015-12-03,EV,263793,128078
2015-12-03,F9,37293,19156
2015-12-03,HA,32615,16051
2015-12-03,MQ,119112,55538
2015-12-03,NK,52513,26464
2015-12-03,OO,295314,140893
2015-12-03,UA,430475,207830
2015-12-03,VX,41252,20252
2015-12-03,WN,494150,279044
2015-12-04,AA,670201,322939
2015-12-04,AS,107998,53707
2015-12-04,B6,157009,74223
2015-12-04,DL,544508,268517
2015-12-04,EV,267742,131686
2015-12-04,F9,38895,21026
2015-12-04,HA,34506,16708
2015-12-04,MQ,116795,55803
2015-12-04,NK,50488,27185
2015-12-04,OO,285375,141271
2015-12-04,UA,432374,210637
2015-12-04,VX,39138,23052
2015-12-04,WN,496450,288440
2015-12-05,AA,691880,311328
2015-12-05,AS,105041,52342
2015-12-05,B6,162999,74154
2015-12-05,DL,582319,254971
2015-12-05,EV,284878,118236
2015-12-05,F9,37247,20093
2015-12-05,HA,34353,16887
2015-12-05,MQ,119199,50790
2015-12-05,NK,55497,28290
2015-12-05,OO,314142,136212
2015-12-05,UA,451839,194600
2015-12-05,VX,48756,25067
2015-12-05,WN,554098,293672
2015-12-06,AA,685179,317569
2015-12-06,AS,114539,55451
2015-12-06,B6,162960,74792
2015-12-06,DL,560679,260919
2015-12-06,EV,283281,127206
2015-12-06,F9,39914,20704
2015-12-06,HA,38439,17822
2015-12-06,MQ,119496,55308
2015-12-06,NK,51726,26486
2015-12-06,OO,295261,138634
2015-12-06,UA,452976,203930
2015-12-06,VX,45122,20882
2015-12-06,WN,526008,278633
2015-12-07,AA,674675,318745
2015-12-07,AS,105480,53719
2015-12-07,B6,157587,73954
2015-12-07,DL,529830,260861
2015-12-07,EV,271420,129958
2015-12-07,F9,39797,19994
2015-12-07,HA,34802,16380
2015-12-07,MQ,116765,54120
2015-12-07,NK,51722,27243
2015-12-07,OO,291548,141002
2015-12-07,UA,435065,212660
2015-12-07,VX,38131,22196
2015-12-07,WN,516063,281188
2015-12-08,AA,676764,316751
2015-12-08,AS,105136,52750
2015-12-08,B6,161034,77801
2015-12-08,DL,548153,265003
2015-12-08,EV,279062,130768
2015-12-08,F9,39029,21103
2015-12-08,HA,35897,16761
2015-12-08,MQ,118908,54805
2015-12-08,NK,56199,27469
2015-12-08,OO,290782,138824
2015-12-08,UA,441323,207248
2015-12-08,VX,39931,22473
2015-12-08,WN,502200,280747
2015-12-09,AA,657687,314843
2015-12-09,AS,106627,52412
2015-12-09,B6,164822,76680
2015-12-09,DL,546172,262069
2015-12-09,EV,267956,127943
2015-12-09,F9,38818,20042
2015-12-09,HA,36667,16601
2015-12-09,MQ,122475,55804
2015-12-09,NK,56337,27248
2015-12-09,OO,291328,139958
2015-12-09,UA,448512,209964
2015-12-09,VX,40713,22436
2015-12-09,WN,503777,279979
2015-12-10,AA,666947,317862
2015-12-10,AS,105881,53765
2015-12-10,B6,162563,75017
2015-12-10,DL,536352,260669
2015-12-10,EV,258380,125706
2015-12-10,F9,37611,20053
2015-12-10,HA,35534,17090
2015-12-10,MQ,124319,56872
2015-12-10,NK,51333,26028
2015-12-10,OO,284839,138664
2015-12-10,UA,428252,207403
2015-12-10,VX,39553,21128
2015-12-10,WN,498022,278509
2015-12-11,AA,663117,321561
2015-12-11,AS,112279,55270
2015-12-11,B6,160148,73920
2015-12-11,DL,529701,264633
2015-12-11,EV,265950,130586
2015-12-11,F9,37450,20175
2015-12-11,HA,34747,16564
2015-12-11,MQ,119066,56541
2015-12-11,NK,50993,26850
2015-12-11,OO,281149,140064
2015-12-11,UA,438157,212815
2015-12-11,VX,37935,22501
2015-12-11,WN,490971,285972
2015-12-12,AA,710999,317952
2015-12-12,AS,113574,54830
2015-12-12,B6,168042,75820
2015-12-12,DL,582160,253585
2015-12-12,EV,288799,120017
2015-12-12,F9,37581,19731
2015-12-12,HA,33970,16459
2015-12-12,MQ,118787,50509
2015-12-12,NK,53610,27307
2015-12-12,OO,308507,135068
2015-12-12,UA,460554,198103
2015-12-12,VX,48814,25059
2015-12-12,WN,559760,292855
2015-12-13,AA,692290,319074
2015-12-13,AS,110570,54384
2015-12-13,B6,160641,71853
2015-12-13,DL,549876,258325
2015-12-13,EV,284891,127967
2015-12-13,F9,36197,19704
2015-12-13,HA,38333,17817
2015-12-13,MQ,119272,53947
2015-12-13,NK,56483,27065
2015-12-13,OO,292400,138017
2015-12-13,UA,438800,199006
2015-12-13,VX,46419,21682
2015-12-13,WN,529167,276381
2015-12-14,AA,678814,321099
2015-12-14,AS,111447,55363
2015-12-14,B6,163810,73603
2015-12-14,DL,528784,261510
2015-12-14,EV,276054,127767
2015-12-14,F9,38187,20326
2015-12-14,HA,35591,16848
2015-12-14,MQ,121122,55944
2015-12-14,NK,53213,27338
2015-12-14,OO,283361,139406
2015-12-14,UA,432967,207854
2015-12-14,VX,39978,22840
2015-12-14,WN,502172,279757
2015-12-15,AA,680396,317863
2015-12-15,AS,108503,53639
2015-12-15,B6,156395,75190
2015-12-15,DL,546093,264143
2015-12-15,EV,273227,128787
2015-12-15,F9,44419,18000
2015-12-15,HA,39824,18413
2015-12-15,MQ,122804,56092
2015-12-15,NK,58359,25940
2015-12-15,OO,292110,135549
2015-12-15,UA,455953,204125
2015-12-15,VX,42273,23443
2015-12-15,WN,523334,276724
2015-12-16,AA,674285,310370
2015-12-16,AS,109288,52669
2015-12-16,B6,161888,73170
2015-12-16,DL,546486,263378
2015-12-16,EV,260251,126343
2015-12-16,F9,35873,19281
2015-12-16,HA,37686,17695
2015-12-16,MQ,117828,54455
2015-12-16,NK,51746,25322
2015-12-16,OO,279727,137563
2015-12-16,UA,434187,206277
2015-12-16,VX,40969,22477
2015-12-16,WN,495533,277654
2015-12-17,AA,660689,297418
2015-12-17,AS,102740,49649
2015-12-17,B6,152468,69255
2015-12-17,DL,537075,263618
2015-12-17,EV,267647,128073
2015-12-17,F9,37076,19654
2015-12-17,HA,35335,16606
2015-12-17,MQ,116894,54291
2015-12-17,NK,53408,25215
2015-12-17,OO,280598,139449
2015-12-17,UA,441352,199381
2015-12-17,VX,38883,21322
2015-12-17,WN,480071,271386
2015-12-18,AA,641547,295270
2015-12-18,AS,106190,50753
2015-12-18,B6,155936,69719
2015-12-18,DL,546827,262000
2015-12-18,EV,263576,128161
2015-12-18,F9,38969,19585
2015-12-18,HA,37221,17827
2015-12-18,MQ,118059,56397
2015-12-18,NK,48793,25519
2015-12-18,OO,287509,136247
2015-12-18,UA,438937,189403
2015-12-18,VX,43389,18874
2015-12-18,WN,490232,283061
2015-12-19,AA,679857,307817
2015-12-19,AS,109000,52255
2015-12-19,B6,160618,69582
2015-12-19,DL,537863,248439
2015-12-19,EV,259499,125554
2015-12-19,F9,42031,21430
2015-12-19,HA,37222,17956
2015-12-19,MQ,117292,53590
2015-12-19,NK,53864,26805
2015-12-19,OO,284987,141043
2015-12-19,UA,438009,194057
2015-12-19,VX,38168,22011
2015-12-19,WN,539198,293335
2015-12-20,AA,660809,300439
2015-12-20,AS,111551,52996
2015-12-20,B6,155302,70068
2015-12-20,DL,527193,250910
2015-12-20,EV,260845,127271
2015-12-20,F9,41848,20620
2015-12-20,HA,36747,17526
2015-12-20,MQ,123293,56888
2015-12-20,NK,51144,26006
2015-12-20,OO,288123,136643
2015-12-20,UA,446503,193124
2015-12-20,VX,40185,19295
2015-12-20,WN,524995,275239
2015-12-21,AA,659802,304881
2015-12-21,AS,109096,52219
2015-12-21,B6,159910,70671
2015-12-21,DL,535816,258053
2015-12-21,EV,263548,128524
2015-12-21,F9,42379,20519
2015-12-21,HA,39039,18034
2015-12-21,MQ,122818,57749
2015-12-21,NK,51163,26399
2015-12-21,OO,294084,140543
2015-12-21,UA,432935,195393
2015-12-21,VX,38682,19032
2015-12-21,WN,482278,267998
2015-12-22,AA,648522,305266
2015-12-22,AS,107802,53009
2015-12-22,B6,160354,74197
2015-12-22,DL,535667,258769
2015-12-22,EV,262454,127055
2015-12-22,F9,39743,19842
2015-12-22,HA,38329,17970
2015-12-22,MQ,125599,58196
2015-12-22,NK,52480,26438
2015-12-22,OO,284668,137764
2015-12-22,UA,419738,195443
2015-12-22,VX,37987,21593
2015-12-22,WN,475520,263149
2015-12-23,AA,670920,307175
2015-12-23,AS,111568,53840
2015-12-23,B6,163173,67498
2015-12-23,DL,530882,252385
2015-12-23,EV,268086,129603
2015-12-23,F9,40056,20852
2015-12-23,HA,34338,16562
2015-12-23,MQ,117882,55863
2015-12-23,NK,54049,26663
2015-12-23,OO,277171,136903
2015-12-23,UA,429744,199107
2015-12-23,VX,39026,21330
2015-12-23,WN,475059,257765
2015-12-24,AA,704980,327890
2015-12-24,AS,110548,55208
2015-12-24,B6,157014,75485
2015-12-24,DL,596185,263450
2015-12-24,EV,290430,123539
2015-12-24,F9,42194,20128
2015-12-24,HA,38636,17691
2015-12-24,MQ,123041,56857
2015-12-24,NK,58063,27635
2015-12-24,OO,307922,140048
2015-12-24,UA,462091,207020
2015-12-24,VX,46827,25168
2015-12-24,WN,547166,302878
2015-12-25,AA,716655,318643
2015-12-25,AS,110081,52328
2015-12-25,B6,163093,73139
2015-12-25,DL,598773,250186
2015-12-25,EV,278663,115658
2015-12-25,F9,41627,20277
2015-12-25,HA,37608,17885
2015-12-25,MQ,131244,57013
2015-12-25,NK,54908,27857
2015-12-25,OO,317328,136903
2015-12-25,UA,479354,199722
2015-12-25,VX,47120,22109
2015-12-25,WN,556609,276292
2015-12-26,AA,691879,303301
2015-12-26,AS,113218,52584
2015-12-26,B6,162092,69386
2015-12-26,DL,542296,246634
2015-12-26,EV,262759,125314
2015-12-26,F9,39629,20175
2015-12-26,HA,35639,17561
2015-12-26,MQ,115470,52311
2015-12-26,NK,55223,26455
2015-12-26,OO,281488,140160
2015-12-26,UA,444654,190214
2015-12-26,VX,40636,22097
2015-12-26,WN,508357,261861
2015-12-27,AA,665799,275974
2015-12-27,AS,111411,52364
2015-12-27,B6,161041,69132
2015-12-27,DL,525359,251464
2015-12-27,EV,272110,122798
2015-12-27,F9,40657,20011
2015-12-27,HA,36653,17632
2015-12-27,MQ,123762,53429
2015-12-27,NK,55909,27159
2015-12-27,OO,283364,135022
2015-12-27,UA,421280,173805
2015-12-27,VX,38609,20549
2015-12-27,WN,487367,255358
2015-12-28,AA,674827,297111
2015-12-28,AS,107387,52698
2015-12-28,B6,155793,74729
2015-12-28,DL,519455,246336
2015-12-28,EV,281644,125669
2015-12-28,F9,43148,19678
2015-12-28,HA,39190,18043
2015-12-28,MQ,121867,48326
2015-12-28,NK,57016,24280
2015-12-28,OO,279495,132481
2015-12-28,UA,455056,197268
2015-12-28,VX,40563,21967
2015-12-28,WN,531792,269118
2015-12-29,AA,661781,300896
2015-12-29,AS,104260,52081
2015-12-29,B6,163665,66389
2015-12-29,DL,533394,258917
2015-12-29,EV,285758,130996
2015-12-29,F9,40129,20144
2015-12-29,HA,35294,17074
2015-12-29,MQ,119703,56119
2015-12-29,NK,57015,27057
2015-12-29,OO,280277,137461
2015-12-29,UA,452174,191412
2015-12-29,VX,42523,22779
2015-12-29,WN,507182,262332
2015-12-30,AA,671004,308299
2015-12-30,AS,101810,50685
2015-12-30,B6,158470,74013
2015-12-30,DL,538411,254216
2015-12-30,EV,270715,130492
2015-12-30,F9,40372,21043
2015-12-30,HA,39023,18221
2015-12-30,MQ,117237,56069
2015-12-30,NK,55108,27130
2015-12-30,OO,288985,142051
2015-12-30,UA,430620,194707
2015-12-30,VX,43307,23140
2015-12-30,WN,487847,273881
2015-12-31,AA,691994,341051
2015-12-31,AS,107482,56774
2015-12-31,B6,163636,81988
2015-12-31,DL,582272,273592
2015-12-31,EV,286324,129344
2015-12-31,F9,43308,22453
2015-12-31,HA,38087,18706
2015-12-31,MQ,127111,61798
2015-12-31,NK,53685,30314
2015-12-31,OO,314150,148934
2015-12-31,UA,459450,210214
2015-12-31,VX,45914,25656
2015-12-31,WN,556671,302797
